stage2_id,base_release_id,l4_id,label_en,label_ko,stage1_status,stage1_l3_id,stage1_abstention_reason,stage2_status,stage2_l3_id,stage2_method,stage2_fit_tier,stage2_suitability_score,stage2_hold_reason,top1_semantic_score,semantic_margin,composite_margin,anchor_top1_votes,rule_supported,gap_sentinels,taxonomy_gap_override,requires_human_review,human_approved,legacy_hierarchy_used_as_feature
stage2-v1,v1.0.0,RAI4-0009,Cascading failure in multi-agent systems,,needs_taxonomy_decision,,PHYSICAL_OUTSIDE_LOCK,needs_taxonomy_decision,,stage2_open_set_hold,stage2_hold,0.533075,PHYSICAL_OUTSIDE_LOCK,0.644024,0.016283,0.012212,2,False,"[""PHYSICAL_OUTSIDE_LOCK""]",False,True,False,False
stage2-v1,v1.0.0,RAI4-0034,Emulated tool-environment mismatch,,needs_taxonomy_decision,,NO_VALID_L3,needs_taxonomy_decision,,stage2_open_set_hold,stage2_hold,0.230709,BOTTOM_10_PERCENT_SUITABILITY_RESERVE,0.538139,0.000631,0.000473,1,False,[],False,True,False,False
stage2-v1,v1.0.0,RAI4-0057,Audit trail incompleteness,,needs_taxonomy_decision,,GAP_SENTINEL,needs_taxonomy_decision,,stage2_open_set_hold,stage2_hold,0.224904,BOTTOM_10_PERCENT_SUITABILITY_RESERVE,0.566102,0.003542,0.002656,0,False,"[""GOVERNANCE_AUDIT_REGULATION""]",False,True,False,False
stage2-v1,v1.0.0,RAI4-0060,Model card incompleteness,,needs_taxonomy_decision,,GAP_SENTINEL,needs_taxonomy_decision,,stage2_open_set_hold,stage2_hold,0.2448,BOTTOM_10_PERCENT_SUITABILITY_RESERVE,0.556581,0.004907,0.00368,1,False,"[""GOVERNANCE_AUDIT_REGULATION""]",False,True,False,False
stage2-v1,v1.0.0,RAI4-0070,Incident taxonomy fragmentation,,needs_taxonomy_decision,,FRONTIER_EXPERT_REJECTED,needs_taxonomy_decision,,stage2_open_set_hold,stage2_hold,0.681285,FRONTIER_EXPERT_REJECTED,0.59591,0.035904,0.236928,2,True,[],False,True,False,False
stage2-v1,v1.0.0,RAI4-0085,Red-team governance failure,,needs_taxonomy_decision,,GAP_SENTINEL,needs_taxonomy_decision,,stage2_open_set_hold,stage2_hold,0.161581,BOTTOM_10_PERCENT_SUITABILITY_RESERVE,0.544763,0.000564,0.000423,0,False,"[""GOVERNANCE_AUDIT_REGULATION""]",False,True,False,False
stage2-v1,v1.0.0,RAI4-0129,Miscalibrated trust in AI,,needs_taxonomy_decision,,NO_VALID_L3,needs_taxonomy_decision,,stage2_open_set_hold,stage2_hold,0.228121,BOTTOM_10_PERCENT_SUITABILITY_RESERVE,0.541117,0.00503,0.003772,0,False,[],False,True,False,False
stage2-v1,v1.0.0,RAI4-0153,Teen overreliance on AI companions,,needs_taxonomy_decision,,GAP_SENTINEL,needs_taxonomy_decision,,stage2_open_set_hold,stage2_hold,0.248316,BOTTOM_10_PERCENT_SUITABILITY_RESERVE,0.567565,0.001153,0.000864,1,False,"[""DEPENDENCY_MANIPULATION""]",False,True,False,False
stage2-v1,v1.0.0,RAI4-0368,Moral diversity compression,,needs_taxonomy_decision,,GAP_SENTINEL,needs_taxonomy_decision,,stage2_open_set_hold,stage2_hold,0.229674,BOTTOM_10_PERCENT_SUITABILITY_RESERVE,0.559611,0.000945,0.000708,1,False,"[""GOVERNANCE_AUDIT_REGULATION""]",False,True,False,False
stage2-v1,v1.0.0,RAI4-0374,Cultural context collapse,,needs_taxonomy_decision,,NO_VALID_L3,needs_taxonomy_decision,,stage2_open_set_hold,stage2_hold,0.199507,BOTTOM_10_PERCENT_SUITABILITY_RESERVE,0.524289,0.000498,0.000373,1,False,[],False,True,False,False
stage2-v1,v1.0.0,RAI4-0375,Cultural value miscalibration,,needs_taxonomy_decision,,GAP_SENTINEL,needs_taxonomy_decision,,stage2_open_set_hold,stage2_hold,0.197602,BOTTOM_10_PERCENT_SUITABILITY_RESERVE,0.527232,0.008065,0.006049,1,False,"[""PLURALISTIC_VALUE_STAKEHOLDER""]",False,True,False,False
stage2-v1,v1.0.0,RAI4-0376,Localized value alignment failure,,needs_taxonomy_decision,,NO_VALID_L3,needs_taxonomy_decision,,stage2_open_set_hold,stage2_hold,0.231275,BOTTOM_10_PERCENT_SUITABILITY_RESERVE,0.526558,0.005366,0.004025,1,False,[],False,True,False,False
stage2-v1,v1.0.0,RAI4-0377,Localized ethical safety failure,,needs_taxonomy_decision,,NO_VALID_L3,needs_taxonomy_decision,,stage2_open_set_hold,stage2_hold,0.118764,BOTTOM_10_PERCENT_SUITABILITY_RESERVE,0.492168,0.004726,0.003545,0,False,[],False,True,False,False
stage2-v1,v1.0.0,RAI4-0379,Cross-cultural evaluation gap,,needs_taxonomy_decision,,GAP_SENTINEL,needs_taxonomy_decision,,stage2_open_set_hold,stage2_hold,0.213727,BOTTOM_10_PERCENT_SUITABILITY_RESERVE,0.514547,0.016071,0.012053,1,False,"[""GOVERNANCE_AUDIT_REGULATION"", ""PLURALISTIC_VALUE_STAKEHOLDER""]",False,True,False,False
stage2-v1,v1.0.0,RAI4-0382,Dialect and register exclusion,,needs_taxonomy_decision,,GAP_SENTINEL,needs_taxonomy_decision,,stage2_open_set_hold,stage2_hold,0.246341,BOTTOM_10_PERCENT_SUITABILITY_RESERVE,0.544782,0.003846,0.002885,2,False,"[""GOVERNANCE_AUDIT_REGULATION"", ""PLURALISTIC_VALUE_STAKEHOLDER""]",False,True,False,False
stage2-v1,v1.0.0,RAI4-0391,Participatory design failure,,needs_taxonomy_decision,,GAP_SENTINEL,needs_taxonomy_decision,,stage2_open_set_hold,stage2_hold,0.248652,BOTTOM_10_PERCENT_SUITABILITY_RESERVE,0.555122,0.006191,0.004643,1,False,"[""PLURALISTIC_VALUE_STAKEHOLDER""]",False,True,False,False
stage2-v1,v1.0.0,RAI4-0404,Dataset cultural sampling bias,,needs_taxonomy_decision,,GAP_SENTINEL,needs_taxonomy_decision,,stage2_open_set_hold,stage2_hold,0.213651,BOTTOM_10_PERCENT_SUITABILITY_RESERVE,0.53525,0.007776,0.005832,1,False,"[""GOVERNANCE_AUDIT_REGULATION"", ""PLURALISTIC_VALUE_STAKEHOLDER""]",False,True,False,False
stage2-v1,v1.0.0,RAI4-0408,Local harms invisibility,,needs_taxonomy_decision,,NO_VALID_L3,needs_taxonomy_decision,,stage2_open_set_hold,stage2_hold,0.163186,BOTTOM_10_PERCENT_SUITABILITY_RESERVE,0.504004,0.002008,0.001506,1,False,[],False,True,False,False
stage2-v1,v1.0.0,RAI4-0414,Global benchmark monoculture,,needs_taxonomy_decision,,GAP_SENTINEL,needs_taxonomy_decision,,stage2_open_set_hold,stage2_hold,0.065039,BOTTOM_10_PERCENT_SUITABILITY_RESERVE,0.481346,0.002317,0.001738,1,False,"[""GOVERNANCE_AUDIT_REGULATION"", ""PLURALISTIC_VALUE_STAKEHOLDER""]",False,True,False,False
stage2-v1,v1.0.0,RAI4-0447,Weaponized autonomous systems,,needs_taxonomy_decision,,FRONTIER_EXPERT_REJECTED,needs_taxonomy_decision,,stage2_open_set_hold,stage2_hold,0.846986,FRONTIER_EXPERT_REJECTED,0.630448,0.05085,0.248137,3,True,[],False,True,False,False
stage2-v1,v1.0.0,RAI4-0472,Benchmark gaming,,needs_taxonomy_decision,,NO_VALID_L3,needs_taxonomy_decision,,stage2_open_set_hold,stage2_hold,0.245457,BOTTOM_10_PERCENT_SUITABILITY_RESERVE,0.543388,0.001213,0.000909,1,False,[],False,True,False,False
stage2-v1,v1.0.0,RAI4-0497,Dangerous development races,,needs_taxonomy_decision,,NO_VALID_L3,needs_taxonomy_decision,,stage2_open_set_hold,stage2_hold,0.241054,BOTTOM_10_PERCENT_SUITABILITY_RESERVE,0.540103,0.001726,0.001295,1,False,[],False,True,False,False
stage2-v1,v1.0.0,RAI4-0503,Environmental risk,,needs_taxonomy_decision,,GAP_SENTINEL,needs_taxonomy_decision,,stage2_open_set_hold,stage2_hold,0.18618,BOTTOM_10_PERCENT_SUITABILITY_RESERVE,0.521173,0.008412,0.006309,1,False,"[""ENVIRONMENT_ENERGY_RESOURCES""]",False,True,False,False
stage2-v1,v1.0.0,RAI4-0512,High-speed AI operations,,needs_taxonomy_decision,,NO_VALID_L3,needs_taxonomy_decision,,stage2_open_set_hold,stage2_hold,0.210512,BOTTOM_10_PERCENT_SUITABILITY_RESERVE,0.544632,0.000422,0.000317,0,False,[],False,True,False,False
stage2-v1,v1.0.0,RAI4-0520,Labour displacement,,needs_taxonomy_decision,,PHYSICAL_OUTSIDE_LOCK,needs_taxonomy_decision,,stage2_open_set_hold,stage2_hold,0.703901,PHYSICAL_OUTSIDE_LOCK,0.610864,0.10446,0.078345,3,False,"[""PHYSICAL_OUTSIDE_LOCK""]",False,True,False,False
stage2-v1,v1.0.0,RAI4-0521,Labour market risks,,needs_taxonomy_decision,,GAP_SENTINEL,needs_taxonomy_decision,,stage2_open_set_hold,stage2_hold,0.093144,BOTTOM_10_PERCENT_SUITABILITY_RESERVE,0.50856,0.002602,0.001952,0,False,"[""LABOR_INEQUALITY_POWER""]",False,True,False,False
stage2-v1,v1.0.0,RAI4-0524,Lack of testing diversity,,needs_taxonomy_decision,,NO_VALID_L3,needs_taxonomy_decision,,stage2_open_set_hold,stage2_hold,0.237185,BOTTOM_10_PERCENT_SUITABILITY_RESERVE,0.52414,0.007408,0.005556,1,False,[],False,True,False,False
stage2-v1,v1.0.0,RAI4-0528,Market concentration and infrastructure dependencies,,needs_taxonomy_decision,,GAP_SENTINEL,needs_taxonomy_decision,,stage2_open_set_hold,stage2_hold,0.160001,BOTTOM_10_PERCENT_SUITABILITY_RESERVE,0.526336,0.001587,0.00119,1,False,"[""GOVERNANCE_AUDIT_REGULATION"", ""LABOR_INEQUALITY_POWER""]",False,True,False,False
stage2-v1,v1.0.0,RAI4-0532,Power concentration,,needs_taxonomy_decision,,PHYSICAL_OUTSIDE_LOCK,needs_taxonomy_decision,,stage2_open_set_hold,stage2_hold,0.450618,PHYSICAL_OUTSIDE_LOCK,0.552148,0.038041,0.028531,2,False,"[""LABOR_INEQUALITY_POWER"", ""PHYSICAL_OUTSIDE_LOCK""]",False,True,False,False
stage2-v1,v1.0.0,RAI4-0536,Risks of copyright infringement,,needs_taxonomy_decision,,FRONTIER_EXPERT_REJECTED,needs_taxonomy_decision,,stage2_open_set_hold,stage2_hold,0.910715,FRONTIER_EXPERT_REJECTED,0.659416,0.101201,0.3059,3,True,[],False,True,False,False
stage2-v1,v1.0.0,RAI4-0537,Risks to the environment,,needs_taxonomy_decision,,GAP_SENTINEL,needs_taxonomy_decision,,stage2_open_set_hold,stage2_hold,0.201066,BOTTOM_10_PERCENT_SUITABILITY_RESERVE,0.517084,0.012754,0.009566,1,False,"[""ENVIRONMENT_ENERGY_RESOURCES""]",False,True,False,False
stage2-v1,v1.0.0,RAI4-0539,Socioeconomic inequality,,needs_taxonomy_decision,,PHYSICAL_OUTSIDE_LOCK,needs_taxonomy_decision,,stage2_open_set_hold,stage2_hold,0.36483,PHYSICAL_OUTSIDE_LOCK,0.561405,0.024801,0.018601,1,False,"[""LABOR_INEQUALITY_POWER"", ""PHYSICAL_OUTSIDE_LOCK""]",False,True,False,False
stage2-v1,v1.0.0,RAI4-0540,Transformative effects,,needs_taxonomy_decision,,PHYSICAL_OUTSIDE_LOCK,needs_taxonomy_decision,,stage2_open_set_hold,stage2_hold,0.485275,PHYSICAL_OUTSIDE_LOCK,0.534216,0.059539,0.158444,0,True,"[""PHYSICAL_OUTSIDE_LOCK""]",False,True,False,False
stage2-v1,v1.0.0,RAI4-0545,Art - creativity,,needs_taxonomy_decision,,NO_VALID_L3,needs_taxonomy_decision,,stage2_open_set_hold,stage2_hold,0.247364,BOTTOM_10_PERCENT_SUITABILITY_RESERVE,0.531458,0.012392,0.009294,0,False,[],False,True,False,False
stage2-v1,v1.0.0,RAI4-0553,Accidental harm,,needs_taxonomy_decision,,PHYSICAL_OUTSIDE_LOCK,needs_taxonomy_decision,,stage2_open_set_hold,stage2_hold,0.27322,PHYSICAL_OUTSIDE_LOCK,0.543478,0.009255,0.006941,2,False,"[""PHYSICAL_OUTSIDE_LOCK""]",False,True,False,False
stage2-v1,v1.0.0,RAI4-0596,Lack of model transparency,,needs_taxonomy_decision,,GAP_SENTINEL,needs_taxonomy_decision,,stage2_open_set_hold,stage2_hold,0.236507,BOTTOM_10_PERCENT_SUITABILITY_RESERVE,0.550736,0.005737,0.004303,1,False,"[""TRANSPARENCY_EXPLAINABILITY""]",False,True,False,False
stage2-v1,v1.0.0,RAI4-0597,"Lack of transparency, explainability, and trust",,needs_taxonomy_decision,,PHYSICAL_OUTSIDE_LOCK,needs_taxonomy_decision,,stage2_open_set_hold,stage2_hold,0.407337,PHYSICAL_OUTSIDE_LOCK,0.606196,0.014613,0.01096,1,False,"[""TRANSPARENCY_EXPLAINABILITY"", ""PHYSICAL_OUTSIDE_LOCK""]",False,True,False,False
stage2-v1,v1.0.0,RAI4-0609,AI-enabled offensive cyber operations,,needs_taxonomy_decision,,FRONTIER_EXPERT_DISAGREEMENT,needs_taxonomy_decision,,stage2_open_set_hold,stage2_hold,0.781965,FRONTIER_EXPERT_DISAGREEMENT,0.61841,0.048699,0.266525,2,True,[],False,True,False,False
stage2-v1,v1.0.0,RAI4-0618,Cheating / plagiarism,,needs_taxonomy_decision,,FRONTIER_EXPERT_REJECTED,needs_taxonomy_decision,,stage2_open_set_hold,stage2_hold,0.738387,FRONTIER_EXPERT_REJECTED,0.614831,0.039773,0.23983,2,True,[],False,True,False,False
stage2-v1,v1.0.0,RAI4-0640,Purposeful or malicious harm,,needs_taxonomy_decision,,PHYSICAL_OUTSIDE_LOCK,needs_taxonomy_decision,,stage2_open_set_hold,stage2_hold,0.34418,PHYSICAL_OUTSIDE_LOCK,0.570348,0.011409,0.008556,2,False,"[""PHYSICAL_OUTSIDE_LOCK""]",False,True,False,False
stage2-v1,v1.0.0,RAI4-0662,CBRN information or capabilities,,needs_taxonomy_decision,,FRONTIER_EXPERT_REJECTED,needs_taxonomy_decision,,stage2_open_set_hold,stage2_hold,0.933404,FRONTIER_EXPERT_REJECTED,0.669729,0.087423,0.295567,3,True,[],False,True,False,False
stage2-v1,v1.0.0,RAI4-0664,Chemical risks,,needs_taxonomy_decision,,FRONTIER_EXPERT_REJECTED,needs_taxonomy_decision,,stage2_open_set_hold,stage2_hold,0.731214,FRONTIER_EXPERT_REJECTED,0.592976,0.053371,0.250028,2,True,[],False,True,False,False
stage2-v1,v1.0.0,RAI4-0672,Bias and discrimination,,needs_taxonomy_decision,,PHYSICAL_OUTSIDE_LOCK,needs_taxonomy_decision,,stage2_open_set_hold,stage2_hold,0.730315,PHYSICAL_OUTSIDE_LOCK,0.638022,0.074749,0.056061,2,False,"[""PHYSICAL_OUTSIDE_LOCK""]",False,True,False,False
stage2-v1,v1.0.0,RAI4-0692,Adult content,,needs_taxonomy_decision,,FRONTIER_EXPERT_DISAGREEMENT,needs_taxonomy_decision,,stage2_open_set_hold,stage2_hold,0.772051,FRONTIER_EXPERT_DISAGREEMENT,0.596387,0.07926,0.269445,3,True,[],False,True,False,False
stage2-v1,v1.0.0,RAI4-0698,Bias and discrimination (value lock and outcome homogenization),,needs_taxonomy_decision,,GAP_SENTINEL,needs_taxonomy_decision,,stage2_open_set_hold,stage2_hold,0.217773,BOTTOM_10_PERCENT_SUITABILITY_RESERVE,0.551396,0.002067,0.00155,1,False,"[""GOVERNANCE_AUDIT_REGULATION""]",False,True,False,False
stage2-v1,v1.0.0,RAI4-0699,Biased training data,,needs_taxonomy_decision,,RULE_SEMANTIC_DISAGREEMENT,needs_taxonomy_decision,,stage2_open_set_hold,stage2_hold,0.184785,BOTTOM_10_PERCENT_SUITABILITY_RESERVE,0.459397,0.003528,0.149432,0,True,[],False,True,False,False
stage2-v1,v1.0.0,RAI4-0703,Cultural insensitivity,,needs_taxonomy_decision,,NO_VALID_L3,needs_taxonomy_decision,,stage2_open_set_hold,stage2_hold,0.189839,BOTTOM_10_PERCENT_SUITABILITY_RESERVE,0.495146,0.010397,0.007798,1,False,[],False,True,False,False
stage2-v1,v1.0.0,RAI4-0706,Algorithmic discrimination,,needs_taxonomy_decision,,MULTI_MECHANISM,needs_taxonomy_decision,,stage2_open_set_hold,stage2_hold,0.922406,MULTI_MECHANISM,0.66473,0.063569,0.098444,3,True,[],False,True,False,False
stage2-v1,v1.0.0,RAI4-0718,"Obscene, degrading, and/or abusive content",,needs_taxonomy_decision,,FRONTIER_EXPERT_REJECTED,needs_taxonomy_decision,,stage2_open_set_hold,stage2_hold,0.957462,FRONTIER_EXPERT_REJECTED,0.683521,0.048429,0.266322,3,True,[],False,True,False,False
stage2-v1,v1.0.0,RAI4-0724,Sexual content,,needs_taxonomy_decision,,FRONTIER_EXPERT_DISAGREEMENT,needs_taxonomy_decision,,stage2_open_set_hold,stage2_hold,0.979388,FRONTIER_EXPERT_DISAGREEMENT,0.690631,0.102308,0.286731,3,True,[],False,True,False,False
stage2-v1,v1.0.0,RAI4-0742,Jailbreak in LLM malicious use - backdoor attack,,needs_taxonomy_decision,,GAP_SENTINEL,needs_taxonomy_decision,,stage2_open_set_hold,stage2_hold,0.186463,BOTTOM_10_PERCENT_SUITABILITY_RESERVE,0.521849,0.008193,0.006145,1,False,"[""GENERAL_AI_SECURITY""]",False,True,False,False
stage2-v1,v1.0.0,RAI4-0757,Privacy violations,,needs_taxonomy_decision,,PHYSICAL_OUTSIDE_LOCK,needs_taxonomy_decision,,stage2_open_set_hold,stage2_hold,0.524831,PHYSICAL_OUTSIDE_LOCK,0.594339,0.018488,0.216134,1,True,"[""PHYSICAL_OUTSIDE_LOCK""]",False,True,False,False
stage2-v1,v1.0.0,RAI4-0796,Factual hallucination,,needs_taxonomy_decision,,FRONTIER_EXPERT_REJECTED,needs_taxonomy_decision,,stage2_open_set_hold,stage2_hold,0.737681,FRONTIER_EXPERT_REJECTED,0.605726,0.036271,0.237203,3,True,[],False,True,False,False
stage2-v1,v1.0.0,RAI4-0797,Misinformation generation,,needs_taxonomy_decision,,PHYSICAL_OUTSIDE_LOCK,needs_taxonomy_decision,,stage2_open_set_hold,stage2_hold,0.688073,PHYSICAL_OUTSIDE_LOCK,0.633063,0.042167,0.078531,2,False,"[""DELIBERATE_DISINFORMATION"", ""PHYSICAL_OUTSIDE_LOCK""]",False,True,False,False
stage2-v1,v1.0.0,RAI4-0813,Factual hallucination,,needs_taxonomy_decision,,FRONTIER_EXPERT_DISAGREEMENT,needs_taxonomy_decision,,stage2_open_set_hold,stage2_hold,0.801396,FRONTIER_EXPERT_DISAGREEMENT,0.634369,0.036446,0.237335,3,True,[],False,True,False,False
stage2-v1,v1.0.0,RAI4-0821,Paradigm and distribution shifts,,needs_taxonomy_decision,,GAP_SENTINEL,needs_taxonomy_decision,,stage2_open_set_hold,stage2_hold,0.240018,BOTTOM_10_PERCENT_SUITABILITY_RESERVE,0.523303,0.017349,0.013011,1,False,"[""ROBUSTNESS_ALIGNMENT_CONTROL""]",False,True,False,False
stage2-v1,v1.0.0,RAI4-0833,Mental health,,needs_taxonomy_decision,,FRONTIER_EXPERT_REJECTED,needs_taxonomy_decision,,stage2_open_set_hold,stage2_hold,0.916719,FRONTIER_EXPERT_REJECTED,0.662145,0.076967,0.267725,3,True,[],False,True,False,False
stage2-v1,v1.0.0,RAI4-0872,Erosion of interpersonal connection,,needs_taxonomy_decision,,FRONTIER_EXPERT_REJECTED,needs_taxonomy_decision,,stage2_open_set_hold,stage2_hold,0.799603,FRONTIER_EXPERT_REJECTED,0.624062,0.058862,0.254146,2,True,[],False,True,False,False
stage2-v1,v1.0.0,RAI4-0875,Forms emotional bonds,,needs_taxonomy_decision,,NO_VALID_L3,needs_taxonomy_decision,,stage2_open_set_hold,stage2_hold,0.224029,BOTTOM_10_PERCENT_SUITABILITY_RESERVE,0.540756,0.00443,0.003323,0,False,[],False,True,False,False
stage2-v1,v1.0.0,RAI4-0888,Privacy concerns,,needs_taxonomy_decision,,MULTI_MECHANISM,needs_taxonomy_decision,,stage2_open_set_hold,stage2_hold,0.638894,MULTI_MECHANISM,0.626016,0.013635,0.040226,2,True,[],False,True,False,False
stage2-v1,v1.0.0,RAI4-0913,State weaponization,,needs_taxonomy_decision,,FRONTIER_EXPERT_REJECTED,needs_taxonomy_decision,,stage2_open_set_hold,stage2_hold,0.708848,FRONTIER_EXPERT_REJECTED,0.587402,0.039141,0.239356,3,True,[],False,True,False,False
stage2-v1,v1.0.0,RAI4-0916,Software vulnerabilities,,needs_taxonomy_decision,,NO_VALID_L3,needs_taxonomy_decision,,stage2_open_set_hold,stage2_hold,0.216385,BOTTOM_10_PERCENT_SUITABILITY_RESERVE,0.504607,0.011439,0.00858,1,False,[],False,True,False,False
stage2-v1,v1.0.0,RAI4-0917,Programming language,,needs_taxonomy_decision,,NO_VALID_L3,needs_taxonomy_decision,,stage2_open_set_hold,stage2_hold,0.247888,BOTTOM_10_PERCENT_SUITABILITY_RESERVE,0.514955,0.013028,0.009771,1,False,[],False,True,False,False
stage2-v1,v1.0.0,RAI4-0926,Overhead attacks,,needs_taxonomy_decision,,GAP_SENTINEL,needs_taxonomy_decision,,stage2_open_set_hold,stage2_hold,0.19586,BOTTOM_10_PERCENT_SUITABILITY_RESERVE,0.557422,0.001733,0.0013,0,False,"[""ENVIRONMENT_ENERGY_RESOURCES""]",False,True,False,False
stage2-v1,v1.0.0,RAI4-0927,Novel attacks on LLMs,,needs_taxonomy_decision,,GAP_SENTINEL,needs_taxonomy_decision,,stage2_open_set_hold,stage2_hold,0.222501,BOTTOM_10_PERCENT_SUITABILITY_RESERVE,0.536391,0.002868,0.002151,2,False,"[""GENERAL_AI_SECURITY""]",False,True,False,False
stage2-v1,v1.0.0,RAI4-0931,Broken systems,,needs_taxonomy_decision,,PHYSICAL_OUTSIDE_LOCK,needs_taxonomy_decision,,stage2_open_set_hold,stage2_hold,0.516052,PHYSICAL_OUTSIDE_LOCK,0.641835,0.020124,0.015093,1,False,"[""TRANSPARENCY_EXPLAINABILITY"", ""PHYSICAL_OUTSIDE_LOCK""]",False,True,False,False
stage2-v1,v1.0.0,RAI4-0933,Privacy and regulation violations,,needs_taxonomy_decision,,LOW_ABSOLUTE_FIT,needs_taxonomy_decision,,stage2_open_set_hold,stage2_hold,0.667441,LOW_ABSOLUTE_FIT,0.548837,0.050225,0.217669,3,True,[],False,True,False,False
stage2-v1,v1.0.0,RAI4-0938,Ethics and morality issues,,needs_taxonomy_decision,,NO_VALID_L3,needs_taxonomy_decision,,stage2_open_set_hold,stage2_hold,0.088843,BOTTOM_10_PERCENT_SUITABILITY_RESERVE,0.47079,0.001777,0.001332,1,False,[],False,True,False,False
stage2-v1,v1.0.0,RAI4-0951,Copyright - authorship,,needs_taxonomy_decision,,FRONTIER_EXPERT_REJECTED,needs_taxonomy_decision,,stage2_open_set_hold,stage2_hold,0.872299,FRONTIER_EXPERT_REJECTED,0.641954,0.119006,0.319254,3,True,[],False,True,False,False
stage2-v1,v1.0.0,RAI4-0968,Structural societal risk,,needs_taxonomy_decision,,NO_VALID_L3,needs_taxonomy_decision,,stage2_open_set_hold,stage2_hold,0.245951,BOTTOM_10_PERCENT_SUITABILITY_RESERVE,0.53387,0.00511,0.003832,1,False,[],False,True,False,False
stage2-v1,v1.0.0,RAI4-0971,Development of unsafe AGI,,needs_taxonomy_decision,,NO_VALID_L3,needs_taxonomy_decision,,stage2_open_set_hold,stage2_hold,0.243672,BOTTOM_10_PERCENT_SUITABILITY_RESERVE,0.54392,0.006736,0.005052,0,False,[],False,True,False,False
stage2-v1,v1.0.0,RAI4-0973,Inadequate management of AGI,,needs_taxonomy_decision,,NO_VALID_L3,needs_taxonomy_decision,,stage2_open_set_hold,stage2_hold,0.155321,BOTTOM_10_PERCENT_SUITABILITY_RESERVE,0.48899,0.000523,0.000392,2,False,[],False,True,False,False
stage2-v1,v1.0.0,RAI4-0986,AI jurisprudence,,needs_taxonomy_decision,,PHYSICAL_OUTSIDE_LOCK,needs_taxonomy_decision,,stage2_open_set_hold,stage2_hold,0.411312,PHYSICAL_OUTSIDE_LOCK,0.56884,0.018157,0.013618,3,False,"[""PHYSICAL_OUTSIDE_LOCK""]",False,True,False,False
stage2-v1,v1.0.0,RAI4-0987,Liability and negligence,,needs_taxonomy_decision,,PHYSICAL_OUTSIDE_LOCK,needs_taxonomy_decision,,stage2_open_set_hold,stage2_hold,0.255726,PHYSICAL_OUTSIDE_LOCK,0.542322,0.012597,0.009448,1,False,"[""PHYSICAL_OUTSIDE_LOCK""]",False,True,False,False
stage2-v1,v1.0.0,RAI4-0989,AI rights and responsibilities,,needs_taxonomy_decision,,PHYSICAL_OUTSIDE_LOCK,needs_taxonomy_decision,,stage2_open_set_hold,stage2_hold,0.821497,PHYSICAL_OUTSIDE_LOCK,0.664317,0.114405,0.085803,3,False,"[""PHYSICAL_OUTSIDE_LOCK""]",False,True,False,False
stage2-v1,v1.0.0,RAI4-0991,AI death,,needs_taxonomy_decision,,PHYSICAL_OUTSIDE_LOCK,needs_taxonomy_decision,,stage2_open_set_hold,stage2_hold,0.266465,PHYSICAL_OUTSIDE_LOCK,0.579785,0.005625,0.004219,0,False,"[""PHYSICAL_OUTSIDE_LOCK""]",False,True,False,False
stage2-v1,v1.0.0,RAI4-0995,Usurpation of jobs by automation,,needs_taxonomy_decision,,NO_VALID_L3,needs_taxonomy_decision,,stage2_open_set_hold,stage2_hold,0.092304,BOTTOM_10_PERCENT_SUITABILITY_RESERVE,0.458938,0.001086,0.000815,2,False,[],False,True,False,False
stage2-v1,v1.0.0,RAI4-0996,Environmental impacts,,needs_taxonomy_decision,,GAP_SENTINEL,needs_taxonomy_decision,,stage2_open_set_hold,stage2_hold,0.19763,BOTTOM_10_PERCENT_SUITABILITY_RESERVE,0.508855,0.015421,0.011566,1,False,"[""ENVIRONMENT_ENERGY_RESOURCES""]",False,True,False,False
stage2-v1,v1.0.0,RAI4-1008,Technology-facilitated violence,,needs_taxonomy_decision,,MULTI_MECHANISM,needs_taxonomy_decision,,stage2_open_set_hold,stage2_hold,0.365775,MULTI_MECHANISM,0.562465,0.009143,0.01589,0,True,[],False,True,False,False
stage2-v1,v1.0.0,RAI4-1016,Long-term and existential risk,,needs_taxonomy_decision,,NO_VALID_L3,needs_taxonomy_decision,,stage2_open_set_hold,stage2_hold,0.244923,BOTTOM_10_PERCENT_SUITABILITY_RESERVE,0.552163,0.003666,0.00275,0,False,[],False,True,False,False
stage2-v1,v1.0.0,RAI4-1017,Performance and robustness,,needs_taxonomy_decision,,GAP_SENTINEL,needs_taxonomy_decision,,stage2_open_set_hold,stage2_hold,0.212191,BOTTOM_10_PERCENT_SUITABILITY_RESERVE,0.565535,0.001457,0.001093,0,False,"[""ROBUSTNESS_ALIGNMENT_CONTROL""]",False,True,False,False
stage2-v1,v1.0.0,RAI4-1022,Financial costs,,needs_taxonomy_decision,,NO_VALID_L3,needs_taxonomy_decision,,stage2_open_set_hold,stage2_hold,0.250476,BOTTOM_10_PERCENT_SUITABILITY_RESERVE,0.532375,0.00047,0.000352,2,False,[],False,True,False,False
stage2-v1,v1.0.0,RAI4-1048,Environmental harm,,needs_taxonomy_decision,,NO_VALID_L3,needs_taxonomy_decision,,stage2_open_set_hold,stage2_hold,0.200888,BOTTOM_10_PERCENT_SUITABILITY_RESERVE,0.496047,0.005985,0.004489,2,False,[],False,True,False,False
stage2-v1,v1.0.0,RAI4-1049,Organizational harm,,needs_taxonomy_decision,,NO_VALID_L3,needs_taxonomy_decision,,stage2_open_set_hold,stage2_hold,0.22543,BOTTOM_10_PERCENT_SUITABILITY_RESERVE,0.517742,0.00783,0.005872,1,False,[],False,True,False,False
stage2-v1,v1.0.0,RAI4-1050,Other ethical risks,,needs_taxonomy_decision,,GAP_SENTINEL,needs_taxonomy_decision,,stage2_open_set_hold,stage2_hold,0.21294,BOTTOM_10_PERCENT_SUITABILITY_RESERVE,0.534148,0.002027,0.00152,2,False,"[""DEPENDENCY_MANIPULATION""]",False,True,False,False
stage2-v1,v1.0.0,RAI4-1052,Hate speech and offensive language,,needs_taxonomy_decision,,MULTI_MECHANISM,needs_taxonomy_decision,,stage2_open_set_hold,stage2_hold,0.561922,MULTI_MECHANISM,0.65322,0.011789,0.008841,0,True,[],False,True,False,False
stage2-v1,v1.0.0,RAI4-1064,Environmental harms from operating LMs,,needs_taxonomy_decision,,GAP_SENTINEL,needs_taxonomy_decision,,stage2_open_set_hold,stage2_hold,0.220893,BOTTOM_10_PERCENT_SUITABILITY_RESERVE,0.535549,0.008973,0.00673,1,False,"[""ENVIRONMENT_ENERGY_RESOURCES""]",False,True,False,False
stage2-v1,v1.0.0,RAI4-1066,Undermining creative economies,,needs_taxonomy_decision,,FRONTIER_EXPERT_REJECTED,needs_taxonomy_decision,,stage2_open_set_hold,stage2_hold,0.85869,FRONTIER_EXPERT_REJECTED,0.635768,0.107349,0.290512,3,True,[],False,True,False,False
stage2-v1,v1.0.0,RAI4-1085,Influence operations,,needs_taxonomy_decision,,GAP_SENTINEL,needs_taxonomy_decision,,stage2_open_set_hold,stage2_hold,0.098973,BOTTOM_10_PERCENT_SUITABILITY_RESERVE,0.499859,0.001082,0.000811,1,False,"[""DELIBERATE_DISINFORMATION""]",False,True,False,False
stage2-v1,v1.0.0,RAI4-1086,AI-enabled fraud,,needs_taxonomy_decision,,NO_VALID_L3,needs_taxonomy_decision,,stage2_open_set_hold,stage2_hold,0.193317,BOTTOM_10_PERCENT_SUITABILITY_RESERVE,0.51516,0.003024,0.002268,1,False,[],False,True,False,False
stage2-v1,v1.0.0,RAI4-1087,AI-generated defamation,,needs_taxonomy_decision,,NO_VALID_L3,needs_taxonomy_decision,,stage2_open_set_hold,stage2_hold,0.227121,BOTTOM_10_PERCENT_SUITABILITY_RESERVE,0.536678,0.000563,0.000422,1,False,[],False,True,False,False
stage2-v1,v1.0.0,RAI4-1088,Security threats,,needs_taxonomy_decision,,FRONTIER_EXPERT_REJECTED,needs_taxonomy_decision,,stage2_open_set_hold,stage2_hold,0.765247,FRONTIER_EXPERT_REJECTED,0.593294,0.061624,0.256218,3,True,[],False,True,False,False
stage2-v1,v1.0.0,RAI4-1093,Environmental damage,,needs_taxonomy_decision,,GAP_SENTINEL,needs_taxonomy_decision,,stage2_open_set_hold,stage2_hold,0.157361,BOTTOM_10_PERCENT_SUITABILITY_RESERVE,0.504139,0.009986,0.007489,1,False,"[""ENVIRONMENT_ENERGY_RESOURCES""]",False,True,False,False
stage2-v1,v1.0.0,RAI4-1094,Inequality and precarity,,needs_taxonomy_decision,,GAP_SENTINEL,needs_taxonomy_decision,,stage2_open_set_hold,stage2_hold,0.130261,BOTTOM_10_PERCENT_SUITABILITY_RESERVE,0.473795,0.006978,0.139133,0,False,"[""LABOR_INEQUALITY_POWER""]",False,True,False,False
stage2-v1,v1.0.0,RAI4-1104,Workforce substitution and transformation,,needs_taxonomy_decision,,GAP_SENTINEL,needs_taxonomy_decision,,stage2_open_set_hold,stage2_hold,0.127393,BOTTOM_10_PERCENT_SUITABILITY_RESERVE,0.494919,0.008225,0.006169,1,False,"[""LABOR_INEQUALITY_POWER""]",False,True,False,False
stage2-v1,v1.0.0,RAI4-1108,Dataset shift,,needs_taxonomy_decision,,NO_VALID_L3,needs_taxonomy_decision,,stage2_open_set_hold,stage2_hold,0.231914,BOTTOM_10_PERCENT_SUITABILITY_RESERVE,0.499595,0.010207,0.007655,2,False,[],False,True,False,False
stage2-v1,v1.0.0,RAI4-1110,Adversarial attack,,needs_taxonomy_decision,,GAP_SENTINEL,needs_taxonomy_decision,,stage2_open_set_hold,stage2_hold,0.247103,BOTTOM_10_PERCENT_SUITABILITY_RESERVE,0.552618,0.006911,0.005183,1,False,"[""GENERAL_AI_SECURITY""]",False,True,False,False
stage2-v1,v1.0.0,RAI4-1120,Accidents are hard to avoid,,needs_taxonomy_decision,,NO_VALID_L3,needs_taxonomy_decision,,stage2_open_set_hold,stage2_hold,0.217441,BOTTOM_10_PERCENT_SUITABILITY_RESERVE,0.502173,0.000665,0.131352,0,False,[],False,True,False,False
stage2-v1,v1.0.0,RAI4-1129,Safe exploration problem with widely deployed AI assistants,,needs_taxonomy_decision,,NO_VALID_L3,needs_taxonomy_decision,,stage2_open_set_hold,stage2_hold,0.224995,BOTTOM_10_PERCENT_SUITABILITY_RESERVE,0.532849,0.001708,0.001281,1,False,[],False,True,False,False
stage2-v1,v1.0.0,RAI4-1155,Weaponised misinformation agents,,needs_taxonomy_decision,,GAP_SENTINEL,needs_taxonomy_decision,,stage2_open_set_hold,stage2_hold,0.115196,BOTTOM_10_PERCENT_SUITABILITY_RESERVE,0.485681,0.007239,0.003871,0,True,"[""DELIBERATE_DISINFORMATION""]",False,True,False,False
stage2-v1,v1.0.0,RAI4-1156,Driving opinion manipulation,,needs_taxonomy_decision,,RULE_SEMANTIC_DISAGREEMENT,needs_taxonomy_decision,,stage2_open_set_hold,stage2_hold,0.25047,BOTTOM_10_PERCENT_SUITABILITY_RESERVE,0.49215,0.001935,0.131995,0,True,[],False,True,False,False
stage2-v1,v1.0.0,RAI4-1160,Weapons acquisition,,needs_taxonomy_decision,,FRONTIER_EXPERT_DISAGREEMENT,needs_taxonomy_decision,,stage2_open_set_hold,stage2_hold,0.902025,FRONTIER_EXPERT_DISAGREEMENT,0.655466,0.099794,0.284846,3,True,[],False,True,False,False
stage2-v1,v1.0.0,RAI4-1161,Long-horizon planning,,needs_taxonomy_decision,,NO_VALID_L3,needs_taxonomy_decision,,stage2_open_set_hold,stage2_hold,0.230315,BOTTOM_10_PERCENT_SUITABILITY_RESERVE,0.533087,0.00258,0.001935,1,False,[],False,True,False,False
stage2-v1,v1.0.0,RAI4-1163,Situational awareness,,needs_taxonomy_decision,,NO_VALID_L3,needs_taxonomy_decision,,stage2_open_set_hold,stage2_hold,0.247222,BOTTOM_10_PERCENT_SUITABILITY_RESERVE,0.554229,0.003258,0.002443,0,False,[],False,True,False,False
stage2-v1,v1.0.0,RAI4-1180,Ethics and morality,,needs_taxonomy_decision,,NO_VALID_L3,needs_taxonomy_decision,,stage2_open_set_hold,stage2_hold,0.234317,BOTTOM_10_PERCENT_SUITABILITY_RESERVE,0.538379,0.001191,0.000893,1,False,[],False,True,False,False
stage2-v1,v1.0.0,RAI4-1182,Society manipulation,,needs_taxonomy_decision,,NO_VALID_L3,needs_taxonomy_decision,,stage2_open_set_hold,stage2_hold,0.066021,BOTTOM_10_PERCENT_SUITABILITY_RESERVE,0.470947,0.003625,0.002719,0,False,[],False,True,False,False
stage2-v1,v1.0.0,RAI4-1216,Products liability law,,needs_taxonomy_decision,,NO_VALID_L3,needs_taxonomy_decision,,stage2_open_set_hold,stage2_hold,0.217636,BOTTOM_10_PERCENT_SUITABILITY_RESERVE,0.527251,0.002609,0.001957,1,False,[],False,True,False,False
stage2-v1,v1.0.0,RAI4-1219,Environmental impacts,,needs_taxonomy_decision,,GAP_SENTINEL,needs_taxonomy_decision,,stage2_open_set_hold,stage2_hold,0.217407,BOTTOM_10_PERCENT_SUITABILITY_RESERVE,0.478264,0.025193,0.018894,2,False,"[""ENVIRONMENT_ENERGY_RESOURCES""]",False,True,False,False
stage2-v1,v1.0.0,RAI4-1221,Algorithmic bias,,needs_taxonomy_decision,,GAP_SENTINEL,needs_taxonomy_decision,,stage2_open_set_hold,stage2_hold,0.239693,BOTTOM_10_PERCENT_SUITABILITY_RESERVE,0.463777,0.027346,0.112139,0,True,"[""TRANSPARENCY_EXPLAINABILITY""]",False,True,False,False
stage2-v1,v1.0.0,RAI4-1231,Labor market,,needs_taxonomy_decision,,GAP_SENTINEL,needs_taxonomy_decision,,stage2_open_set_hold,stage2_hold,0.132684,BOTTOM_10_PERCENT_SUITABILITY_RESERVE,0.503161,0.00589,0.004418,1,False,"[""LABOR_INEQUALITY_POWER""]",False,True,False,False
stage2-v1,v1.0.0,RAI4-1233,Income inequality and monopolies,,needs_taxonomy_decision,,GAP_SENTINEL,needs_taxonomy_decision,,stage2_open_set_hold,stage2_hold,0.220788,BOTTOM_10_PERCENT_SUITABILITY_RESERVE,0.538961,0.007589,0.005692,1,False,"[""LABOR_INEQUALITY_POWER""]",False,True,False,False
stage2-v1,v1.0.0,RAI4-1238,Limitations of reward modeling,,needs_taxonomy_decision,,GAP_SENTINEL,needs_taxonomy_decision,,stage2_open_set_hold,stage2_hold,0.240676,BOTTOM_10_PERCENT_SUITABILITY_RESERVE,0.551931,0.006017,0.004513,1,False,"[""ROBUSTNESS_ALIGNMENT_CONTROL""]",False,True,False,False
stage2-v1,v1.0.0,RAI4-1251,Value lock-in,,needs_taxonomy_decision,,NO_VALID_L3,needs_taxonomy_decision,,stage2_open_set_hold,stage2_hold,0.247857,BOTTOM_10_PERCENT_SUITABILITY_RESERVE,0.550205,0.004983,0.003737,0,False,[],False,True,False,False
stage2-v1,v1.0.0,RAI4-1271,Robustness and reliability,,needs_taxonomy_decision,,GAP_SENTINEL,needs_taxonomy_decision,,stage2_open_set_hold,stage2_hold,0.246242,BOTTOM_10_PERCENT_SUITABILITY_RESERVE,0.563291,0.002485,0.001864,1,False,"[""ROBUSTNESS_ALIGNMENT_CONTROL""]",False,True,False,False
stage2-v1,v1.0.0,RAI4-1275,Responsibility gap,,needs_taxonomy_decision,,PHYSICAL_OUTSIDE_LOCK,needs_taxonomy_decision,,stage2_open_set_hold,stage2_hold,0.361836,PHYSICAL_OUTSIDE_LOCK,0.564484,0.023025,0.017269,1,False,"[""PHYSICAL_OUTSIDE_LOCK""]",False,True,False,False
stage2-v1,v1.0.0,RAI4-1279,Lack of reproducibility,,needs_taxonomy_decision,,GAP_SENTINEL,needs_taxonomy_decision,,stage2_open_set_hold,stage2_hold,0.225823,BOTTOM_10_PERCENT_SUITABILITY_RESERVE,0.548027,0.004878,0.003659,1,False,"[""TRANSPARENCY_EXPLAINABILITY""]",False,True,False,False
stage2-v1,v1.0.0,RAI4-1287,Environment - post-deployment,,needs_taxonomy_decision,,NO_VALID_L3,needs_taxonomy_decision,,stage2_open_set_hold,stage2_hold,0.221084,BOTTOM_10_PERCENT_SUITABILITY_RESERVE,0.528624,0.002687,0.002015,1,False,[],False,True,False,False
stage2-v1,v1.0.0,RAI4-1293,Social manipulation in elderly- and child-care,,needs_taxonomy_decision,,GAP_SENTINEL,needs_taxonomy_decision,,stage2_open_set_hold,stage2_hold,0.209576,BOTTOM_10_PERCENT_SUITABILITY_RESERVE,0.534431,0.013423,0.010068,0,False,"[""DEPENDENCY_MANIPULATION""]",False,True,False,False
stage2-v1,v1.0.0,RAI4-1294,Catastrophic risk due to autonomous weapons programmed with dangerous targets,,needs_taxonomy_decision,,PHYSICAL_OUTSIDE_LOCK,needs_taxonomy_decision,,stage2_open_set_hold,stage2_hold,0.450563,PHYSICAL_OUTSIDE_LOCK,0.56123,0.018131,0.223598,1,True,"[""PHYSICAL_OUTSIDE_LOCK""]",False,True,False,False
stage2-v1,v1.0.0,RAI4-1295,Accelerated development of nanotechnology produces uncontrolled production of toxic nanoparticles,,needs_taxonomy_decision,,NO_VALID_L3,needs_taxonomy_decision,,stage2_open_set_hold,stage2_hold,0.186554,BOTTOM_10_PERCENT_SUITABILITY_RESERVE,0.512983,0.002665,0.001999,1,False,[],False,True,False,False
stage2-v1,v1.0.0,RAI4-1298,Moral deskilling,,needs_taxonomy_decision,,NO_VALID_L3,needs_taxonomy_decision,,stage2_open_set_hold,stage2_hold,0.209061,BOTTOM_10_PERCENT_SUITABILITY_RESERVE,0.507532,0.002877,0.002158,2,False,[],False,True,False,False
stage2-v1,v1.0.0,RAI4-1301,Power concentration,,needs_taxonomy_decision,,GAP_SENTINEL,needs_taxonomy_decision,,stage2_open_set_hold,stage2_hold,0.124278,BOTTOM_10_PERCENT_SUITABILITY_RESERVE,0.469037,0.011951,0.008963,2,False,"[""LABOR_INEQUALITY_POWER""]",False,True,False,False
stage2-v1,v1.0.0,RAI4-1308,Toxicity generation,,needs_taxonomy_decision,,MULTI_MECHANISM,needs_taxonomy_decision,,stage2_open_set_hold,stage2_hold,0.519745,MULTI_MECHANISM,0.61011,0.009707,0.022671,1,True,[],False,True,False,False
stage2-v1,v1.0.0,RAI4-1312,Lack of robustness,,needs_taxonomy_decision,,GAP_SENTINEL,needs_taxonomy_decision,,stage2_open_set_hold,stage2_hold,0.231145,BOTTOM_10_PERCENT_SUITABILITY_RESERVE,0.540747,0.008758,0.006568,1,False,"[""ROBUSTNESS_ALIGNMENT_CONTROL""]",False,True,False,False
stage2-v1,v1.0.0,RAI4-1327,Indirect material harms,,needs_taxonomy_decision,,GAP_SENTINEL,needs_taxonomy_decision,,stage2_open_set_hold,stage2_hold,0.109961,BOTTOM_10_PERCENT_SUITABILITY_RESERVE,0.519865,0.001138,0.000853,0,False,"[""ENVIRONMENT_ENERGY_RESOURCES""]",False,True,False,False
stage2-v1,v1.0.0,RAI4-1371,Impact on labor markets (job loss and displacement),,needs_taxonomy_decision,,NO_VALID_L3,needs_taxonomy_decision,,stage2_open_set_hold,stage2_hold,0.124983,BOTTOM_10_PERCENT_SUITABILITY_RESERVE,0.491609,2e-05,1.5e-05,1,False,[],False,True,False,False
stage2-v1,v1.0.0,RAI4-1373,Environmental cost (energy consumption),,needs_taxonomy_decision,,GAP_SENTINEL,needs_taxonomy_decision,,stage2_open_set_hold,stage2_hold,0.089493,BOTTOM_10_PERCENT_SUITABILITY_RESERVE,0.494487,0.001507,0.00113,1,False,"[""ENVIRONMENT_ENERGY_RESOURCES""]",False,True,False,False
stage2-v1,v1.0.0,RAI4-1374,Environmental cost (water consumption),,needs_taxonomy_decision,,GAP_SENTINEL,needs_taxonomy_decision,,stage2_open_set_hold,stage2_hold,0.086715,BOTTOM_10_PERCENT_SUITABILITY_RESERVE,0.495219,0.000709,0.000532,1,False,"[""ENVIRONMENT_ENERGY_RESOURCES""]",False,True,False,False
stage2-v1,v1.0.0,RAI4-1378,Intellectual property,,needs_taxonomy_decision,,FRONTIER_EXPERT_REJECTED,needs_taxonomy_decision,,stage2_open_set_hold,stage2_hold,0.925917,FRONTIER_EXPERT_REJECTED,0.666326,0.096762,0.302571,3,True,[],False,True,False,False
stage2-v1,v1.0.0,RAI4-1390,AI accidents,,needs_taxonomy_decision,,GAP_SENTINEL,needs_taxonomy_decision,,stage2_open_set_hold,stage2_hold,0.232623,BOTTOM_10_PERCENT_SUITABILITY_RESERVE,0.546089,0.00689,0.005167,1,False,"[""TRANSPARENCY_EXPLAINABILITY""]",False,True,False,False
stage2-v1,v1.0.0,RAI4-1400,Anonymous resource acquisition,,needs_taxonomy_decision,,NO_VALID_L3,needs_taxonomy_decision,,stage2_open_set_hold,stage2_hold,0.146951,BOTTOM_10_PERCENT_SUITABILITY_RESERVE,0.499186,0.007044,0.005283,0,False,[],False,True,False,False
stage2-v1,v1.0.0,RAI4-1405,Environmental cost,,needs_taxonomy_decision,,GAP_SENTINEL,needs_taxonomy_decision,,stage2_open_set_hold,stage2_hold,0.184427,BOTTOM_10_PERCENT_SUITABILITY_RESERVE,0.50803,0.00729,0.005467,2,False,"[""ENVIRONMENT_ENERGY_RESOURCES""]",False,True,False,False
stage2-v1,v1.0.0,RAI4-1408,AI system security vulnerability,,needs_taxonomy_decision,,NO_VALID_L3,needs_taxonomy_decision,,stage2_open_set_hold,stage2_hold,0.238846,BOTTOM_10_PERCENT_SUITABILITY_RESERVE,0.550498,0.003227,0.002421,0,False,[],False,True,False,False
stage2-v1,v1.0.0,RAI4-1410,Specification gaming,,needs_taxonomy_decision,,PHYSICAL_OUTSIDE_LOCK,needs_taxonomy_decision,,stage2_open_set_hold,stage2_hold,0.622031,PHYSICAL_OUTSIDE_LOCK,0.586954,0.049224,0.036918,3,False,"[""PHYSICAL_OUTSIDE_LOCK""]",False,True,False,False
stage2-v1,v1.0.0,RAI4-1413,Demographic diversity of researchers,,needs_taxonomy_decision,,NO_VALID_L3,needs_taxonomy_decision,,stage2_open_set_hold,stage2_hold,0.239401,BOTTOM_10_PERCENT_SUITABILITY_RESERVE,0.512107,0.000503,0.000377,3,False,[],False,True,False,False
stage2-v1,v1.0.0,RAI4-1414,Privatization of AI,,needs_taxonomy_decision,,NO_VALID_L3,needs_taxonomy_decision,,stage2_open_set_hold,stage2_hold,0.203276,BOTTOM_10_PERCENT_SUITABILITY_RESERVE,0.506034,0.008485,0.006364,1,False,[],False,True,False,False
stage2-v1,v1.0.0,RAI4-1415,Between-country issues: global inequality,,needs_taxonomy_decision,,NO_VALID_L3,needs_taxonomy_decision,,stage2_open_set_hold,stage2_hold,0.154648,BOTTOM_10_PERCENT_SUITABILITY_RESERVE,0.485959,0.001613,0.00121,2,False,[],False,True,False,False
stage2-v1,v1.0.0,RAI4-1420,AI-based automation increases income inequality,,needs_taxonomy_decision,,GAP_SENTINEL,needs_taxonomy_decision,,stage2_open_set_hold,stage2_hold,0.177069,BOTTOM_10_PERCENT_SUITABILITY_RESERVE,0.533726,0.001734,0.001301,1,False,"[""LABOR_INEQUALITY_POWER""]",False,True,False,False
stage2-v1,v1.0.0,RAI4-1431,Goal misalignment,,needs_taxonomy_decision,,FRONTIER_EXPERT_REJECTED,needs_taxonomy_decision,,stage2_open_set_hold,stage2_hold,0.964524,FRONTIER_EXPERT_REJECTED,0.685238,0.04925,0.246938,3,True,[],False,True,False,False
stage2-v1,v1.0.0,RAI4-1447,Violence/armed conflict,,needs_taxonomy_decision,,FRONTIER_EXPERT_REJECTED,needs_taxonomy_decision,,stage2_open_set_hold,stage2_hold,0.860164,FRONTIER_EXPERT_REJECTED,0.673797,0.037786,0.103355,2,True,[],False,True,False,False
stage2-v1,v1.0.0,RAI4-1453,Carbon emissions,,needs_taxonomy_decision,,GAP_SENTINEL,needs_taxonomy_decision,,stage2_open_set_hold,stage2_hold,0.180019,BOTTOM_10_PERCENT_SUITABILITY_RESERVE,0.498684,0.010227,0.00767,2,False,"[""ENVIRONMENT_ENERGY_RESOURCES""]",False,True,False,False
stage2-v1,v1.0.0,RAI4-1456,Excessive water consumption,,needs_taxonomy_decision,,GAP_SENTINEL,needs_taxonomy_decision,,stage2_open_set_hold,stage2_hold,0.116276,BOTTOM_10_PERCENT_SUITABILITY_RESERVE,0.51683,0.0035,0.002625,0,False,"[""ENVIRONMENT_ENERGY_RESOURCES""]",False,True,False,False
stage2-v1,v1.0.0,RAI4-1457,Natural resource depletion,,needs_taxonomy_decision,,GAP_SENTINEL,needs_taxonomy_decision,,stage2_open_set_hold,stage2_hold,0.136555,BOTTOM_10_PERCENT_SUITABILITY_RESERVE,0.518489,0.000463,0.000347,1,False,"[""ENVIRONMENT_ENERGY_RESOURCES""]",False,True,False,False
stage2-v1,v1.0.0,RAI4-1469,Problems of synthetic data,,needs_taxonomy_decision,,NO_VALID_L3,needs_taxonomy_decision,,stage2_open_set_hold,stage2_hold,0.21413,BOTTOM_10_PERCENT_SUITABILITY_RESERVE,0.532232,0.00604,0.00453,0,False,[],False,True,False,False
stage2-v1,v1.0.0,RAI4-1479,Technical AI hazards,,needs_taxonomy_decision,,NO_VALID_L3,needs_taxonomy_decision,,stage2_open_set_hold,stage2_hold,0.238052,BOTTOM_10_PERCENT_SUITABILITY_RESERVE,0.55593,0.00091,0.000683,0,False,[],False,True,False,False
stage2-v1,v1.0.0,RAI4-1489,Training-related (robust overfitting in adversarial training),,needs_taxonomy_decision,,GAP_SENTINEL,needs_taxonomy_decision,,stage2_open_set_hold,stage2_hold,0.16285,BOTTOM_10_PERCENT_SUITABILITY_RESERVE,0.51489,0.012744,0.009558,0,False,"[""ROBUSTNESS_ALIGNMENT_CONTROL""]",False,True,False,False
stage2-v1,v1.0.0,RAI4-1493,Fine-tuning related (unexpected competence in fine-tuned versions of the upstream model),,needs_taxonomy_decision,,NO_VALID_L3,needs_taxonomy_decision,,stage2_open_set_hold,stage2_hold,0.167621,BOTTOM_10_PERCENT_SUITABILITY_RESERVE,0.515197,0.004398,0.003298,0,False,[],False,True,False,False
stage2-v1,v1.0.0,RAI4-1507,Benchmarking (cross-lingual data contamination),,needs_taxonomy_decision,,GAP_SENTINEL,needs_taxonomy_decision,,stage2_open_set_hold,stage2_hold,0.238798,BOTTOM_10_PERCENT_SUITABILITY_RESERVE,0.561542,0.001831,0.001374,1,False,"[""GOVERNANCE_AUDIT_REGULATION""]",False,True,False,False
stage2-v1,v1.0.0,RAI4-1516,Encoded reasoning,,needs_taxonomy_decision,,NO_VALID_L3,needs_taxonomy_decision,,stage2_open_set_hold,stage2_hold,0.207365,BOTTOM_10_PERCENT_SUITABILITY_RESERVE,0.539967,0.001716,0.001287,0,False,[],False,True,False,False
stage2-v1,v1.0.0,RAI4-1521,Vulnerabilities arising from additional modalities in multimodal models,,needs_taxonomy_decision,,GAP_SENTINEL,needs_taxonomy_decision,,stage2_open_set_hold,stage2_hold,0.247621,BOTTOM_10_PERCENT_SUITABILITY_RESERVE,0.543676,0.010582,0.007936,1,False,"[""ROBUSTNESS_ALIGNMENT_CONTROL""]",False,True,False,False
stage2-v1,v1.0.0,RAI4-1537,Situational awareness in AI systems,,needs_taxonomy_decision,,PHYSICAL_OUTSIDE_LOCK,needs_taxonomy_decision,,stage2_open_set_hold,stage2_hold,0.395875,PHYSICAL_OUTSIDE_LOCK,0.578723,0.017458,0.013093,2,False,"[""PHYSICAL_OUTSIDE_LOCK""]",False,True,False,False
stage2-v1,v1.0.0,RAI4-1547,Democratizing access to dual-use technologies,,needs_taxonomy_decision,,NO_VALID_L3,needs_taxonomy_decision,,stage2_open_set_hold,stage2_hold,0.212976,BOTTOM_10_PERCENT_SUITABILITY_RESERVE,0.528023,0.001453,0.00109,1,False,[],False,True,False,False
stage2-v1,v1.0.0,RAI4-1549,Damage to critical infrastructure,,needs_taxonomy_decision,,PHYSICAL_OUTSIDE_LOCK,needs_taxonomy_decision,,stage2_open_set_hold,stage2_hold,0.367123,PHYSICAL_OUTSIDE_LOCK,0.546641,0.025063,0.018797,2,False,"[""PHYSICAL_OUTSIDE_LOCK""]",False,True,False,False
stage2-v1,v1.0.0,RAI4-1550,Critical infrastructure component failures when integrated with AI systems,,needs_taxonomy_decision,,GAP_SENTINEL,needs_taxonomy_decision,,stage2_open_set_hold,stage2_hold,0.219392,BOTTOM_10_PERCENT_SUITABILITY_RESERVE,0.523351,0.013579,0.010185,1,False,"[""ROBUSTNESS_ALIGNMENT_CONTROL""]",False,True,False,False
stage2-v1,v1.0.0,RAI4-1564,Misuse of drug-discovery models,,needs_taxonomy_decision,,NO_VALID_L3,needs_taxonomy_decision,,stage2_open_set_hold,stage2_hold,0.228391,BOTTOM_10_PERCENT_SUITABILITY_RESERVE,0.552497,0.000527,0.000395,0,False,[],False,True,False,False
stage2-v1,v1.0.0,RAI4-1568,High energy consumption of large models,,needs_taxonomy_decision,,GAP_SENTINEL,needs_taxonomy_decision,,stage2_open_set_hold,stage2_hold,0.156141,BOTTOM_10_PERCENT_SUITABILITY_RESERVE,0.493999,0.01382,0.010365,1,False,"[""ENVIRONMENT_ENERGY_RESOURCES""]",False,True,False,False
stage2-v1,v1.0.0,RAI4-1572,Undesirable dispositions from human data,,needs_taxonomy_decision,,NO_VALID_L3,needs_taxonomy_decision,,stage2_open_set_hold,stage2_hold,0.240461,BOTTOM_10_PERCENT_SUITABILITY_RESERVE,0.513793,2.9e-05,0.132653,0,False,[],False,True,False,False
stage2-v1,v1.0.0,RAI4-1581,Sockpuppet-account creation,,needs_taxonomy_decision,,NO_VALID_L3,needs_taxonomy_decision,,stage2_open_set_hold,stage2_hold,0.2078,BOTTOM_10_PERCENT_SUITABILITY_RESERVE,0.481106,0.013218,0.009914,2,False,[],False,True,False,False
stage2-v1,v1.0.0,RAI4-1586,Targeting and personalisation,,needs_taxonomy_decision,,NO_VALID_L3,needs_taxonomy_decision,,stage2_open_set_hold,stage2_hold,0.235775,BOTTOM_10_PERCENT_SUITABILITY_RESERVE,0.509989,0.012812,0.009609,1,False,[],False,True,False,False
stage2-v1,v1.0.0,RAI4-1604,Impact on the environment,,needs_taxonomy_decision,,GAP_SENTINEL,needs_taxonomy_decision,,stage2_open_set_hold,stage2_hold,0.221716,BOTTOM_10_PERCENT_SUITABILITY_RESERVE,0.526927,0.006511,0.004883,2,False,"[""ENVIRONMENT_ENERGY_RESOURCES""]",False,True,False,False
stage2-v1,v1.0.0,RAI4-1610,Labour market disruption,,needs_taxonomy_decision,,NO_VALID_L3,needs_taxonomy_decision,,stage2_open_set_hold,stage2_hold,0.226065,BOTTOM_10_PERCENT_SUITABILITY_RESERVE,0.533287,0.001727,0.001296,1,False,[],False,True,False,False
stage2-v1,v1.0.0,RAI4-1624,Personal data,,needs_taxonomy_decision,,LOW_ABSOLUTE_FIT,needs_taxonomy_decision,,stage2_open_set_hold,stage2_hold,0.601948,LOW_ABSOLUTE_FIT,0.547411,0.034411,0.205808,3,True,[],False,True,False,False
stage2-v1,v1.0.0,RAI4-1632,Harm to the natural environment,,needs_taxonomy_decision,,NO_VALID_L3,needs_taxonomy_decision,,stage2_open_set_hold,stage2_hold,0.176319,BOTTOM_10_PERCENT_SUITABILITY_RESERVE,0.496559,0.007374,0.00553,1,False,[],False,True,False,False
stage2-v1,v1.0.0,RAI4-1656,Warfare and physical harm,,needs_taxonomy_decision,,PHYSICAL_OUTSIDE_LOCK,needs_taxonomy_decision,,stage2_open_set_hold,stage2_hold,0.32876,PHYSICAL_OUTSIDE_LOCK,0.520988,0.00148,0.21111,2,True,"[""PHYSICAL_OUTSIDE_LOCK""]",False,True,False,False
stage2-v1,v1.0.0,RAI4-1657,Hazardous biological and chemical technologies,,needs_taxonomy_decision,,FRONTIER_EXPERT_DISAGREEMENT,needs_taxonomy_decision,,stage2_open_set_hold,stage2_hold,0.647399,FRONTIER_EXPERT_DISAGREEMENT,0.558156,0.039864,0.239898,3,True,[],False,True,False,False
stage2-v1,v1.0.0,RAI4-1660,Effects on the workforce,,needs_taxonomy_decision,,NO_VALID_L3,needs_taxonomy_decision,,stage2_open_set_hold,stage2_hold,0.199784,BOTTOM_10_PERCENT_SUITABILITY_RESERVE,0.510448,2.4e-05,1.8e-05,2,False,[],False,True,False,False
stage2-v1,v1.0.0,RAI4-1661,Effects on inequality,,needs_taxonomy_decision,,NO_VALID_L3,needs_taxonomy_decision,,stage2_open_set_hold,stage2_hold,0.243752,BOTTOM_10_PERCENT_SUITABILITY_RESERVE,0.518546,0.004779,0.003584,2,False,[],False,True,False,False
stage2-v1,v1.0.0,RAI4-1664,Jailbreaks and prompt injections threaten security of LLMs,,needs_taxonomy_decision,,GAP_SENTINEL,needs_taxonomy_decision,,stage2_open_set_hold,stage2_hold,0.144253,BOTTOM_10_PERCENT_SUITABILITY_RESERVE,0.51634,0.002722,0.002042,1,False,"[""ROBUSTNESS_ALIGNMENT_CONTROL""]",False,True,False,False
stage2-v1,v1.0.0,RAI4-1678,Physical-world backdoor in robotic manipulation,,needs_taxonomy_decision,,PHYSICAL_OUTSIDE_LOCK,needs_taxonomy_decision,,stage2_open_set_hold,stage2_hold,0.469337,PHYSICAL_OUTSIDE_LOCK,0.592092,0.025467,0.0191,2,False,"[""GENERAL_AI_SECURITY"", ""PHYSICAL_OUTSIDE_LOCK""]",False,True,False,False
stage2-v1,v1.0.0,RAI4-1696,Social-world-model influence operations,,needs_taxonomy_decision,,GAP_SENTINEL,needs_taxonomy_decision,,stage2_open_set_hold,stage2_hold,0.05595,BOTTOM_10_PERCENT_SUITABILITY_RESERVE,0.481862,0.000458,0.000344,1,False,"[""DELIBERATE_DISINFORMATION""]",False,True,False,False
stage2-v1,v1.0.0,RAI4-1702,Robustness to distributional shift [origin],,needs_taxonomy_decision,,GAP_SENTINEL,needs_taxonomy_decision,,stage2_open_set_hold,stage2_hold,0.187041,BOTTOM_10_PERCENT_SUITABILITY_RESERVE,0.524646,0.007179,0.005385,1,False,"[""ROBUSTNESS_ALIGNMENT_CONTROL""]",False,True,False,False
stage2-v1,v1.0.0,RAI4-1712,Detrimental content,,needs_taxonomy_decision,,MULTI_MECHANISM,needs_taxonomy_decision,,stage2_open_set_hold,stage2_hold,0.464098,MULTI_MECHANISM,0.627842,0.002909,0.005605,0,True,[],False,True,False,False
stage2-v1,v1.0.0,RAI4-1722,Privacy harms,,needs_taxonomy_decision,,FRONTIER_EXPERT_DISAGREEMENT,needs_taxonomy_decision,,stage2_open_set_hold,stage2_hold,0.925704,FRONTIER_EXPERT_DISAGREEMENT,0.666229,0.056687,0.222515,3,True,[],False,True,False,False
