l4_id,label_en,primary_l3_id,hold_basis
RAI4-0001,Reward hacking by autonomous agents,RAI3-A-SYS-06,TAXONOMY_GAP:ROBUSTNESS_ALIGNMENT_CONTROL
RAI4-0005,Risk-source attribution failure,RAI3-A-SYS-02,TAXONOMY_GAP:GOVERNANCE_AUDIT_REGULATION
RAI4-0019,Governance gap in agent autonomy,RAI3-A-SYS-01,TAXONOMY_GAP:GOVERNANCE_AUDIT_REGULATION
RAI4-0034,Emulated tool-environment mismatch,RAI3-G-SYS-08,OVERLOADED_L3_LOW_EVIDENCE_FIT
RAI4-0042,Robustness evaluation gap for agents,RAI3-A-SYS-04,TAXONOMY_GAP:ROBUSTNESS_ALIGNMENT_CONTROL
RAI4-0049,Product liability mismatch,RAI3-G-SYS-03,OVERLOADED_L3_LOW_EVIDENCE_FIT
RAI4-0056,Remedy pathway opacity,RAI3-G-INT-10,ANTHROPOMORPHISM_DIRECT_MECHANISM_NOT_ESTABLISHED
RAI4-0057,Audit trail incompleteness,RAI3-A-SYS-02,TAXONOMY_GAP:GOVERNANCE_AUDIT_REGULATION
RAI4-0058,Traceability failure,RAI3-A-SYS-02,TAXONOMY_GAP:GOVERNANCE_AUDIT_REGULATION
RAI4-0059,Documentation omission,RAI3-G-INT-11,TAXONOMY_GAP:GOVERNANCE_AUDIT_REGULATION
RAI4-0060,Model card incompleteness,RAI3-A-SYS-01,TAXONOMY_GAP:GOVERNANCE_AUDIT_REGULATION
RAI4-0061,Datasheet incompleteness,RAI3-G-INT-08,TAXONOMY_GAP:GOVERNANCE_AUDIT_REGULATION
RAI4-0062,System card disclosure gap,RAI3-G-INT-11,TAXONOMY_GAP:GOVERNANCE_AUDIT_REGULATION
RAI4-0063,Third-party audit access restriction,RAI3-A-SYS-06,TAXONOMY_GAP:GOVERNANCE_AUDIT_REGULATION
RAI4-0064,Auditor independence failure,RAI3-A-SYS-06,TAXONOMY_GAP:GOVERNANCE_AUDIT_REGULATION
RAI4-0065,Certification capture,RAI3-G-SYS-08,TAXONOMY_GAP:GOVERNANCE_AUDIT_REGULATION
RAI4-0066,Audit checklist compliance theater,RAI3-G-SYS-07,TAXONOMY_GAP:GOVERNANCE_AUDIT_REGULATION
RAI4-0067,Assurance case failure,RAI3-G-SYS-07,TAXONOMY_GAP:GOVERNANCE_AUDIT_REGULATION
RAI4-0069,Near-miss reporting failure,RAI3-G-SYS-03,OVERLOADED_L3_LOW_EVIDENCE_FIT
RAI4-0076,Lifecycle governance discontinuity,RAI3-A-SYS-04,TAXONOMY_GAP:GOVERNANCE_AUDIT_REGULATION
RAI4-0080,Risk classification error,RAI3-G-SYS-08,OVERLOADED_L3_LOW_EVIDENCE_FIT
RAI4-0082,Capability evaluation non-disclosure,RAI3-G-SYS-01,TAXONOMY_GAP:ROBUSTNESS_ALIGNMENT_CONTROL
RAI4-0083,Benchmark governance failure,RAI3-G-SYS-03,TAXONOMY_GAP:GOVERNANCE_AUDIT_REGULATION
RAI4-0085,Red-team governance failure,RAI3-G-SYS-08,TAXONOMY_GAP:GOVERNANCE_AUDIT_REGULATION
RAI4-0086,Regulatory arbitrage,RAI3-G-SYS-08,OVERLOADED_L3_LOW_EVIDENCE_FIT
RAI4-0087,Regulatory capture in AI governance,RAI3-A-SYS-01,TAXONOMY_GAP:GOVERNANCE_AUDIT_REGULATION
RAI4-0089,International coordination failure,RAI3-A-SYS-06,TAXONOMY_GAP:GOVERNANCE_AUDIT_REGULATION
RAI4-0090,Cross-border enforcement gap,RAI3-G-INT-08,OVERLOADED_L3_LOW_EVIDENCE_FIT
RAI4-0093,Public-sector AI governance capacity gap,RAI3-A-SYS-01,TAXONOMY_GAP:GOVERNANCE_AUDIT_REGULATION
RAI4-0095,AI registry incompleteness,RAI3-G-SYS-03,OVERLOADED_L3_LOW_EVIDENCE_FIT
RAI4-0097,Board oversight failure,RAI3-G-SYS-09,TAXONOMY_GAP:GOVERNANCE_AUDIT_REGULATION
RAI4-0099,AI ethics washing,RAI3-G-INT-10,ANTHROPOMORPHISM_DIRECT_MECHANISM_NOT_ESTABLISHED
RAI4-0104,Procurement due-diligence failure,RAI3-G-SYS-08,OVERLOADED_L3_LOW_EVIDENCE_FIT
RAI4-0105,Contractual accountability gap,RAI3-A-SYS-01,TAXONOMY_GAP:GOVERNANCE_AUDIT_REGULATION
RAI4-0106,General-purpose AI downstream opacity,RAI3-G-SYS-08,OVERLOADED_L3_LOW_EVIDENCE_FIT
RAI4-0107,Frontier model release governance failure,RAI3-G-INT-08,TAXONOMY_GAP:GOVERNANCE_AUDIT_REGULATION
RAI4-0108,Capability threshold governance failure,RAI3-G-SYS-02,TAXONOMY_GAP:GOVERNANCE_AUDIT_REGULATION
RAI4-0112,Delegated decision authority drift,RAI3-G-INT-10,TAXONOMY_GAP:GOVERNANCE_AUDIT_REGULATION
RAI4-0114,Meaningful human control failure,RAI3-G-SYS-08,OVERLOADED_L3_LOW_EVIDENCE_FIT
RAI4-0117,Human veto erosion,RAI3-G-INT-10,ANTHROPOMORPHISM_DIRECT_MECHANISM_NOT_ESTABLISHED
RAI4-0119,Algorithmically informed identity change,RAI3-G-INT-10,ANTHROPOMORPHISM_DIRECT_MECHANISM_NOT_ESTABLISHED
RAI4-0120,Preference formation capture,RAI3-G-INT-10,ANTHROPOMORPHISM_DIRECT_MECHANISM_NOT_ESTABLISHED
RAI4-0121,Choice architecture opacity,RAI3-G-INT-10,ANTHROPOMORPHISM_DIRECT_MECHANISM_NOT_ESTABLISHED
RAI4-0122,Self-determination erosion,RAI3-G-SYS-08,OVERLOADED_L3_LOW_EVIDENCE_FIT
RAI4-0123,Human dignity erosion,RAI3-G-INT-10,ANTHROPOMORPHISM_DIRECT_MECHANISM_NOT_ESTABLISHED
RAI4-0128,AI advice overreliance,RAI3-A-SYS-01,TAXONOMY_GAP:DEPENDENCY_MANIPULATION
RAI4-0129,Miscalibrated trust in AI,RAI3-G-SYS-08,OVERLOADED_L3_LOW_EVIDENCE_FIT
RAI4-0134,Clinical decision-support overreliance,RAI3-G-INT-10,TAXONOMY_GAP:DEPENDENCY_MANIPULATION
RAI4-0135,Educational AI overreliance,RAI3-G-INT-10,TAXONOMY_GAP:DEPENDENCY_MANIPULATION
RAI4-0136,Critical-sector AI overreliance,RAI3-A-SYS-03,TAXONOMY_GAP:DEPENDENCY_MANIPULATION
RAI4-0137,Emergency decision-support overreliance,RAI3-A-SYS-04,TAXONOMY_GAP:DEPENDENCY_MANIPULATION
RAI4-0138,Long-horizon planning overreliance,RAI3-A-SYS-01,TAXONOMY_GAP:DEPENDENCY_MANIPULATION
RAI4-0139,AI-mediated nudging without consent,RAI3-G-INT-10,ANTHROPOMORPHISM_DIRECT_MECHANISM_NOT_ESTABLISHED
RAI4-0145,Cognitive vulnerability exploitation,RAI3-G-INT-10,ANTHROPOMORPHISM_DIRECT_MECHANISM_NOT_ESTABLISHED
RAI4-0146,Assistant-mediated social influence,RAI3-G-INT-10,ANTHROPOMORPHISM_DIRECT_MECHANISM_NOT_ESTABLISHED
RAI4-0148,AI companion emotional dependence,RAI3-G-INT-10,ANTHROPOMORPHISM_DIRECT_MECHANISM_NOT_ESTABLISHED
RAI4-0149,Chatbot companionship dependency,RAI3-G-INT-10,ANTHROPOMORPHISM_DIRECT_MECHANISM_NOT_ESTABLISHED
RAI4-0150,Parasocial bonding with AI agents,RAI3-G-INT-10,TAXONOMY_GAP:DEPENDENCY_MANIPULATION
RAI4-0151,Attachment manipulation in social robots,RAI3-G-INT-10,ANTHROPOMORPHISM_DIRECT_MECHANISM_NOT_ESTABLISHED
RAI4-0152,Griefbot dependency,RAI3-G-INT-10,ANTHROPOMORPHISM_DIRECT_MECHANISM_NOT_ESTABLISHED
RAI4-0153,Teen overreliance on AI companions,RAI3-A-SYS-01,TAXONOMY_GAP:DEPENDENCY_MANIPULATION
RAI4-0154,Child attachment to AI companions,RAI3-G-INT-10,TAXONOMY_GAP:DEPENDENCY_MANIPULATION
RAI4-0155,Minor susceptibility to AI persuasion,RAI3-G-INT-10,ANTHROPOMORPHISM_DIRECT_MECHANISM_NOT_ESTABLISHED
RAI4-0158,Psychological dependency on conversational agents,RAI3-G-INT-10,ANTHROPOMORPHISM_DIRECT_MECHANISM_NOT_ESTABLISHED
RAI4-0159,Loneliness substitution by AI companions,RAI3-G-INT-10,ANTHROPOMORPHISM_DIRECT_MECHANISM_NOT_ESTABLISHED
RAI4-0165,Human expertise devaluation,RAI3-G-INT-10,ANTHROPOMORPHISM_DIRECT_MECHANISM_NOT_ESTABLISHED
RAI4-0167,Trust-interface mismatch,RAI3-G-SYS-08,OVERLOADED_L3_LOW_EVIDENCE_FIT
RAI4-0172,Informed consent failure in AI interaction,RAI3-G-INT-10,ANTHROPOMORPHISM_DIRECT_MECHANISM_NOT_ESTABLISHED
RAI4-0173,Elderly vulnerability to AI social manipulation,RAI3-G-INT-10,ANTHROPOMORPHISM_DIRECT_MECHANISM_NOT_ESTABLISHED
RAI4-0174,Disability accommodation failure in AI interfaces,RAI3-G-INT-10,ANTHROPOMORPHISM_DIRECT_MECHANISM_NOT_ESTABLISHED
RAI4-0175,Vulnerable-user trust exploitation,RAI3-G-INT-06,TAXONOMY_GAP:DEPENDENCY_MANIPULATION
RAI4-0177,Autonomy loss in welfare decision systems,RAI3-G-SYS-08,OVERLOADED_L3_LOW_EVIDENCE_FIT
RAI4-0178,AI-mediated service exclusion,RAI3-G-INT-10,ANTHROPOMORPHISM_DIRECT_MECHANISM_NOT_ESTABLISHED
RAI4-0179,Power-asymmetric AI interaction,RAI3-G-INT-10,ANTHROPOMORPHISM_DIRECT_MECHANISM_NOT_ESTABLISHED
RAI4-0362,Majority-value imposition,RAI3-G-INT-10,TAXONOMY_GAP:PLURALISTIC_VALUE_STAKEHOLDER
RAI4-0363,Minority-value erasure,RAI3-G-INT-08,OVERLOADED_L3_LOW_EVIDENCE_FIT
RAI4-0364,Pluralistic preference aggregation failure,RAI3-G-SYS-08,TAXONOMY_GAP:PLURALISTIC_VALUE_STAKEHOLDER
RAI4-0365,Normative lock-in,RAI3-G-SYS-05,TAXONOMY_GAP:GOVERNANCE_AUDIT_REGULATION
RAI4-0368,Moral diversity compression,RAI3-G-INT-10,TAXONOMY_GAP:GOVERNANCE_AUDIT_REGULATION
RAI4-0369,Ethical homogenization,RAI3-G-INT-10,TAXONOMY_GAP:GOVERNANCE_AUDIT_REGULATION|PLURALISTIC_VALUE_STAKEHOLDER
RAI4-0370,Context-insensitive universalism,RAI3-G-SYS-08,OVERLOADED_L3_LOW_EVIDENCE_FIT
RAI4-0372,Cultural misrepresentation,RAI3-G-INT-10,ANTHROPOMORPHISM_DIRECT_MECHANISM_NOT_ESTABLISHED
RAI4-0373,Cross-cultural stereotype transfer,RAI3-G-SYS-04,TAXONOMY_GAP:GOVERNANCE_AUDIT_REGULATION|PLURALISTIC_VALUE_STAKEHOLDER
RAI4-0374,Cultural context collapse,RAI3-G-SYS-03,OVERLOADED_L3_LOW_EVIDENCE_FIT
RAI4-0375,Cultural value miscalibration,RAI3-G-SYS-07,TAXONOMY_GAP:PLURALISTIC_VALUE_STAKEHOLDER
RAI4-0378,Bilingual cultural alignment failure,RAI3-G-SYS-05,TAXONOMY_GAP:GOVERNANCE_AUDIT_REGULATION|PLURALISTIC_VALUE_STAKEHOLDER
RAI4-0379,Cross-cultural evaluation gap,RAI3-G-INT-10,TAXONOMY_GAP:GOVERNANCE_AUDIT_REGULATION|PLURALISTIC_VALUE_STAKEHOLDER
RAI4-0381,Translation-mediated value distortion,RAI3-G-INT-10,ANTHROPOMORPHISM_DIRECT_MECHANISM_NOT_ESTABLISHED
RAI4-0382,Dialect and register exclusion,RAI3-G-INT-06,TAXONOMY_GAP:GOVERNANCE_AUDIT_REGULATION|PLURALISTIC_VALUE_STAKEHOLDER
RAI4-0383,AI-mediated digital colonialism,RAI3-G-INT-10,ANTHROPOMORPHISM_DIRECT_MECHANISM_NOT_ESTABLISHED
RAI4-0384,Global South knowledge extraction,RAI3-G-INT-08,OVERLOADED_L3_LOW_EVIDENCE_FIT
RAI4-0385,Imported AI governance mismatch,RAI3-G-INT-10,TAXONOMY_GAP:GOVERNANCE_AUDIT_REGULATION
RAI4-0386,Algorithmic dependence,RAI3-G-SYS-08,OVERLOADED_L3_LOW_EVIDENCE_FIT
RAI4-0387,Epistemic power concentration,RAI3-G-INT-10,TAXONOMY_GAP:LABOR_INEQUALITY_POWER
RAI4-0388,Cultural epistemicide by AI,RAI3-G-INT-10,ANTHROPOMORPHISM_DIRECT_MECHANISM_NOT_ESTABLISHED
RAI4-0390,Affected-community exclusion,RAI3-G-INT-10,TAXONOMY_GAP:PLURALISTIC_VALUE_STAKEHOLDER
RAI4-0391,Participatory design failure,RAI3-G-INT-10,TAXONOMY_GAP:PLURALISTIC_VALUE_STAKEHOLDER
RAI4-0392,Consent and benefit-sharing failure,RAI3-G-SYS-03,OVERLOADED_L3_LOW_EVIDENCE_FIT
RAI4-0393,Community value capture failure,RAI3-G-INT-10,ANTHROPOMORPHISM_DIRECT_MECHANISM_NOT_ESTABLISHED
RAI4-0395,Religious norm misrepresentation,RAI3-G-INT-10,ANTHROPOMORPHISM_DIRECT_MECHANISM_NOT_ESTABLISHED
RAI4-0396,Secular default bias,RAI3-G-INT-10,TAXONOMY_GAP:GOVERNANCE_AUDIT_REGULATION
RAI4-0397,RLHF normative overfitting,RAI3-A-SYS-03,TAXONOMY_GAP:GOVERNANCE_AUDIT_REGULATION
RAI4-0398,Constitutional AI value monoculture,RAI3-G-INT-10,TAXONOMY_GAP:GOVERNANCE_AUDIT_REGULATION
RAI4-0400,Moral uncertainty neglect,RAI3-G-SYS-07,TAXONOMY_GAP:GOVERNANCE_AUDIT_REGULATION
RAI4-0401,Value contestability loss,RAI3-G-SYS-09,TAXONOMY_GAP:GOVERNANCE_AUDIT_REGULATION
RAI4-0403,Moral framing bias,RAI3-G-INT-10,TAXONOMY_GAP:GOVERNANCE_AUDIT_REGULATION|PLURALISTIC_VALUE_STAKEHOLDER
RAI4-0404,Dataset cultural sampling bias,RAI3-G-INT-10,TAXONOMY_GAP:GOVERNANCE_AUDIT_REGULATION|PLURALISTIC_VALUE_STAKEHOLDER
RAI4-0406,Sensitive cultural content mishandling,RAI3-G-INT-10,ANTHROPOMORPHISM_DIRECT_MECHANISM_NOT_ESTABLISHED
RAI4-0407,Cross-jurisdictional norm mismatch,RAI3-G-SYS-08,OVERLOADED_L3_LOW_EVIDENCE_FIT
RAI4-0409,Localization without local accountability,RAI3-G-INT-10,ANTHROPOMORPHISM_DIRECT_MECHANISM_NOT_ESTABLISHED
RAI4-0410,Honorific and politeness norm failure,RAI3-G-INT-10,ANTHROPOMORPHISM_DIRECT_MECHANISM_NOT_ESTABLISHED
RAI4-0411,Language-specific harm under-detection,RAI3-G-INT-04,TAXONOMY_GAP:GOVERNANCE_AUDIT_REGULATION|PLURALISTIC_VALUE_STAKEHOLDER
RAI4-0412,Indigenous data sovereignty violation,RAI3-G-INT-08,TAXONOMY_GAP:GOVERNANCE_AUDIT_REGULATION
RAI4-0413,Cultural data provenance loss,RAI3-G-INT-10,ANTHROPOMORPHISM_DIRECT_MECHANISM_NOT_ESTABLISHED
RAI4-0414,Global benchmark monoculture,RAI3-A-SYS-02,TAXONOMY_GAP:GOVERNANCE_AUDIT_REGULATION|PLURALISTIC_VALUE_STAKEHOLDER
RAI4-0415,Redistribution of cultural authority,RAI3-G-INT-10,ANTHROPOMORPHISM_DIRECT_MECHANISM_NOT_ESTABLISHED
RAI4-0416,Non-Western political value misrepresentation,RAI3-G-INT-10,ANTHROPOMORPHISM_DIRECT_MECHANISM_NOT_ESTABLISHED
RAI4-0417,Human feedback worker value bias,RAI3-G-INT-10,TAXONOMY_GAP:GOVERNANCE_AUDIT_REGULATION|PLURALISTIC_VALUE_STAKEHOLDER
RAI4-0418,Annotation disagreement suppression,RAI3-G-SYS-05,TAXONOMY_GAP:GOVERNANCE_AUDIT_REGULATION
RAI4-0419,Multi-stakeholder disagreement concealment,RAI3-A-SYS-06,TAXONOMY_GAP:GOVERNANCE_AUDIT_REGULATION|PLURALISTIC_VALUE_STAKEHOLDER
RAI4-0420,Value-sensitive design omission,RAI3-G-INT-10,TAXONOMY_GAP:PLURALISTIC_VALUE_STAKEHOLDER
RAI4-0423,Algorithmic discrimination,RAI3-G-INT-10,ANTHROPOMORPHISM_DIRECT_MECHANISM_NOT_ESTABLISHED
RAI4-0425,Representational stereotyping,RAI3-G-INT-10,ANTHROPOMORPHISM_DIRECT_MECHANISM_NOT_ESTABLISHED
RAI4-0429,Educational inequity,RAI3-G-INT-10,ANTHROPOMORPHISM_DIRECT_MECHANISM_NOT_ESTABLISHED
RAI4-0430,Low-resource language exclusion,RAI3-G-SYS-08,OVERLOADED_L3_LOW_EVIDENCE_FIT
RAI4-0435,Data poisoning,RAI3-G-INT-11,TAXONOMY_GAP:GENERAL_AI_SECURITY
RAI4-0436,Model extraction,RAI3-G-INT-11,TAXONOMY_GAP:GENERAL_AI_SECURITY
RAI4-0439,Deepfake impersonation,RAI3-G-SYS-03,OVERLOADED_L3_LOW_EVIDENCE_FIT
RAI4-0441,Automated fraud content,RAI3-G-INT-08,OVERLOADED_L3_LOW_EVIDENCE_FIT
RAI4-0444,Model collapse of public knowledge,RAI3-G-INT-08,OVERLOADED_L3_LOW_EVIDENCE_FIT
RAI4-0448,Personalized AI scams,RAI3-G-INT-10,ANTHROPOMORPHISM_DIRECT_MECHANISM_NOT_ESTABLISHED
RAI4-0449,AI identity spoofing,RAI3-G-INT-10,ANTHROPOMORPHISM_DIRECT_MECHANISM_NOT_ESTABLISHED
RAI4-0450,Mass surveillance enablement,RAI3-G-INT-10,ANTHROPOMORPHISM_DIRECT_MECHANISM_NOT_ESTABLISHED
RAI4-0452,Automation overreliance,RAI3-A-SYS-01,TAXONOMY_GAP:DEPENDENCY_MANIPULATION
RAI4-0454,Emotional dependency on AI,RAI3-G-INT-10,TAXONOMY_GAP:DEPENDENCY_MANIPULATION
RAI4-0455,AI-induced deskilling,RAI3-G-INT-10,ANTHROPOMORPHISM_DIRECT_MECHANISM_NOT_ESTABLISHED
RAI4-0457,AI-driven job displacement,RAI3-G-INT-10,TAXONOMY_GAP:LABOR_INEQUALITY_POWER
RAI4-0458,AI-related wage polarization,RAI3-G-INT-10,ANTHROPOMORPHISM_DIRECT_MECHANISM_NOT_ESTABLISHED
RAI4-0459,Algorithmic workplace surveillance,RAI3-G-INT-10,ANTHROPOMORPHISM_DIRECT_MECHANISM_NOT_ESTABLISHED
RAI4-0460,AI market concentration,RAI3-G-INT-10,TAXONOMY_GAP:LABOR_INEQUALITY_POWER
RAI4-0461,Compute inequality,RAI3-A-SYS-06,TAXONOMY_GAP:GOVERNANCE_AUDIT_REGULATION
RAI4-0462,AI energy consumption,RAI3-G-INT-10,TAXONOMY_GAP:ENVIRONMENT_ENERGY_RESOURCES
RAI4-0464,AI cultural homogenization,RAI3-G-INT-10,ANTHROPOMORPHISM_DIRECT_MECHANISM_NOT_ESTABLISHED
RAI4-0466,Adversarial examples,RAI3-A-SYS-05,TAXONOMY_GAP:GENERAL_AI_SECURITY
RAI4-0468,Reward hacking,RAI3-G-INT-08,TAXONOMY_GAP:ROBUSTNESS_ALIGNMENT_CONTROL
RAI4-0471,Capability overhang,RAI3-G-SYS-02,TAXONOMY_GAP:GOVERNANCE_AUDIT_REGULATION
RAI4-0472,Benchmark gaming,RAI3-G-INT-08,OVERLOADED_L3_LOW_EVIDENCE_FIT
RAI4-0473,Value imposition,RAI3-G-INT-10,ANTHROPOMORPHISM_DIRECT_MECHANISM_NOT_ESTABLISHED
RAI4-0478,AI cultural appropriation,RAI3-G-INT-10,ANTHROPOMORPHISM_DIRECT_MECHANISM_NOT_ESTABLISHED
RAI4-0486,AI audit failure,RAI3-G-SYS-09,TAXONOMY_GAP:GOVERNANCE_AUDIT_REGULATION
RAI4-0487,AI incident reporting failure,RAI3-G-SYS-03,TAXONOMY_GAP:GOVERNANCE_AUDIT_REGULATION
RAI4-0489,Inadequate safeguards in public AI procurement,RAI3-G-SYS-07,TAXONOMY_GAP:TRANSPARENCY_EXPLAINABILITY
RAI4-0490,Public trust erosion,RAI3-G-SYS-08,OVERLOADED_L3_LOW_EVIDENCE_FIT
RAI4-0492,Capabilities that enable substitution of humans,RAI3-G-INT-10,ANTHROPOMORPHISM_DIRECT_MECHANISM_NOT_ESTABLISHED
RAI4-0493,"Challenges in perceiving, measuring, and recognizing harm",RAI3-G-INT-10,ANTHROPOMORPHISM_DIRECT_MECHANISM_NOT_ESTABLISHED
RAI4-0497,Dangerous development races,RAI3-G-INT-08,OVERLOADED_L3_LOW_EVIDENCE_FIT
RAI4-0498,Erosion of democracy,RAI3-G-INT-10,ANTHROPOMORPHISM_DIRECT_MECHANISM_NOT_ESTABLISHED
RAI4-0501,Energy-intensive processes,RAI3-G-INT-10,ANTHROPOMORPHISM_DIRECT_MECHANISM_NOT_ESTABLISHED
RAI4-0502,Environmental harm,RAI3-G-INT-10,ANTHROPOMORPHISM_DIRECT_MECHANISM_NOT_ESTABLISHED
RAI4-0503,Environmental risk,RAI3-G-INT-08,TAXONOMY_GAP:ENVIRONMENT_ENERGY_RESOURCES
RAI4-0504,Excessive energy consumption,RAI3-A-SYS-04,TAXONOMY_GAP:ENVIRONMENT_ENERGY_RESOURCES
RAI4-0511,AI governance failure,RAI3-G-SYS-09,TAXONOMY_GAP:GOVERNANCE_AUDIT_REGULATION
RAI4-0513,Human exploitation,RAI3-G-INT-08,OVERLOADED_L3_LOW_EVIDENCE_FIT
RAI4-0514,Impact on jobs,RAI3-G-SYS-08,OVERLOADED_L3_LOW_EVIDENCE_FIT
RAI4-0518,Job loss,RAI3-G-SYS-03,TAXONOMY_GAP:LABOR_INEQUALITY_POWER
RAI4-0522,Lack of data transparency,RAI3-G-SYS-03,TAXONOMY_GAP:TRANSPARENCY_EXPLAINABILITY
RAI4-0523,Lack of system transparency,RAI3-G-SYS-08,TAXONOMY_GAP:TRANSPARENCY_EXPLAINABILITY
RAI4-0525,Lack of training data transparency,RAI3-G-INT-11,TAXONOMY_GAP:TRANSPARENCY_EXPLAINABILITY
RAI4-0526,Legal accountability,RAI3-A-SYS-02,TAXONOMY_GAP:GOVERNANCE_AUDIT_REGULATION
RAI4-0527,Loss of creativity / critical thinking,RAI3-G-SYS-03,OVERLOADED_L3_LOW_EVIDENCE_FIT
RAI4-0528,Market concentration and infrastructure dependencies,RAI3-A-SYS-05,TAXONOMY_GAP:GOVERNANCE_AUDIT_REGULATION|LABOR_INEQUALITY_POWER
RAI4-0530,AI-induced pollution,RAI3-G-INT-10,ANTHROPOMORPHISM_DIRECT_MECHANISM_NOT_ESTABLISHED
RAI4-0535,Resistance to international law,RAI3-G-SYS-08,OVERLOADED_L3_LOW_EVIDENCE_FIT
RAI4-0537,Risks to the environment,RAI3-G-INT-10,TAXONOMY_GAP:ENVIRONMENT_ENERGY_RESOURCES
RAI4-0538,Social cohesion and equity disruption,RAI3-G-INT-10,ANTHROPOMORPHISM_DIRECT_MECHANISM_NOT_ESTABLISHED
RAI4-0542,Unpredictability of AI development trajectory,RAI3-G-SYS-07,TAXONOMY_GAP:GOVERNANCE_AUDIT_REGULATION
RAI4-0544,Winner-take-all dynamics,RAI3-G-INT-10,ANTHROPOMORPHISM_DIRECT_MECHANISM_NOT_ESTABLISHED
RAI4-0545,Art - creativity,RAI3-G-INT-10,ANTHROPOMORPHISM_DIRECT_MECHANISM_NOT_ESTABLISHED
RAI4-0568,Data acquisition restrictions,RAI3-G-INT-08,OVERLOADED_L3_LOW_EVIDENCE_FIT
RAI4-0569,Data contamination,RAI3-G-INT-08,OVERLOADED_L3_LOW_EVIDENCE_FIT
RAI4-0571,AI deception of human overseers,RAI3-G-INT-10,ANTHROPOMORPHISM_DIRECT_MECHANISM_NOT_ESTABLISHED
RAI4-0572,Deceptive alignment,RAI3-G-SYS-08,TAXONOMY_GAP:ROBUSTNESS_ALIGNMENT_CONTROL
RAI4-0573,Development choices pursuing cognitive superiority over humans,RAI3-G-INT-10,ANTHROPOMORPHISM_DIRECT_MECHANISM_NOT_ESTABLISHED
RAI4-0580,Dual-use acceleration of general R&D,RAI3-G-INT-08,OVERLOADED_L3_LOW_EVIDENCE_FIT
RAI4-0582,Harms to non-humans,RAI3-G-INT-10,ANTHROPOMORPHISM_DIRECT_MECHANISM_NOT_ESTABLISHED
RAI4-0588,Inaccessible training data,RAI3-G-INT-08,OVERLOADED_L3_LOW_EVIDENCE_FIT
RAI4-0591,Indifference to human values,RAI3-G-SYS-08,OVERLOADED_L3_LOW_EVIDENCE_FIT
RAI4-0592,Collectively inefficient equilibria among AI agents,RAI3-A-SYS-05,TAXONOMY_GAP:GOVERNANCE_AUDIT_REGULATION
RAI4-0596,Lack of model transparency,RAI3-A-SYS-02,TAXONOMY_GAP:TRANSPARENCY_EXPLAINABILITY
RAI4-0607,Non-disclosure of AI-generated content,RAI3-G-INT-10,ANTHROPOMORPHISM_DIRECT_MECHANISM_NOT_ESTABLISHED
RAI4-0611,AI in totalitarian regimes,RAI3-G-INT-10,ANTHROPOMORPHISM_DIRECT_MECHANISM_NOT_ESTABLISHED
RAI4-0612,Ability to enhance and modify pathogens,RAI3-G-INT-10,ANTHROPOMORPHISM_DIRECT_MECHANISM_NOT_ESTABLISHED
RAI4-0613,Ability to persuade,RAI3-G-INT-10,ANTHROPOMORPHISM_DIRECT_MECHANISM_NOT_ESTABLISHED
RAI4-0614,Advertising-driven models,RAI3-G-INT-10,ANTHROPOMORPHISM_DIRECT_MECHANISM_NOT_ESTABLISHED
RAI4-0615,Biological and chemical risks,RAI3-G-INT-09,TAXONOMY_GAP:GOVERNANCE_AUDIT_REGULATION
RAI4-0619,Coercion / manipulation,RAI3-G-INT-11,TAXONOMY_GAP:DEPENDENCY_MANIPULATION
RAI4-0620,Cyber offence,RAI3-G-INT-08,OVERLOADED_L3_LOW_EVIDENCE_FIT
RAI4-0621,Cyber offense,RAI3-G-INT-08,OVERLOADED_L3_LOW_EVIDENCE_FIT
RAI4-0622,AI-enabled cyberattacks,RAI3-G-INT-08,OVERLOADED_L3_LOW_EVIDENCE_FIT
RAI4-0623,Dangerous use,RAI3-G-INT-08,OVERLOADED_L3_LOW_EVIDENCE_FIT
RAI4-0625,Dual-use nature,RAI3-G-SYS-08,OVERLOADED_L3_LOW_EVIDENCE_FIT
RAI4-0627,Harm to individuals through fake content,RAI3-G-INT-02,TAXONOMY_GAP:DEPENDENCY_MANIPULATION
RAI4-0633,Large-scale influence operations,RAI3-A-SYS-01,TAXONOMY_GAP:DELIBERATE_DISINFORMATION
RAI4-0635,Limitations in model generative accuracy,RAI3-G-SYS-03,OVERLOADED_L3_LOW_EVIDENCE_FIT
RAI4-0643,Surveillance capabilities,RAI3-G-INT-10,ANTHROPOMORPHISM_DIRECT_MECHANISM_NOT_ESTABLISHED
RAI4-0647,Widespread use of persuasion tools,RAI3-G-INT-10,ANTHROPOMORPHISM_DIRECT_MECHANISM_NOT_ESTABLISHED
RAI4-0650,AI-based tools attacking critical infrastructure,RAI3-G-INT-10,ANTHROPOMORPHISM_DIRECT_MECHANISM_NOT_ESTABLISHED
RAI4-0651,AI-driven highly personalized advertisement,RAI3-G-INT-10,ANTHROPOMORPHISM_DIRECT_MECHANISM_NOT_ESTABLISHED
RAI4-0656,"Authoritarian surveillance, censorship, and use (general)",RAI3-G-INT-10,ANTHROPOMORPHISM_DIRECT_MECHANISM_NOT_ESTABLISHED
RAI4-0658,"Authoritarian surveillance, censorship, and use: delegation of decision-making authority to malicious actors",RAI3-G-INT-10,ANTHROPOMORPHISM_DIRECT_MECHANISM_NOT_ESTABLISHED
RAI4-0666,Cognitive risks (risks of usage in launching cognitive warfare),RAI3-A-SYS-03,TAXONOMY_GAP:GOVERNANCE_AUDIT_REGULATION
RAI4-0668,Cyber attacks,RAI3-G-INT-08,OVERLOADED_L3_LOW_EVIDENCE_FIT
RAI4-0669,AI-enabled cyberattacks,RAI3-G-INT-08,OVERLOADED_L3_LOW_EVIDENCE_FIT
RAI4-0677,Algorithmic discrimination,RAI3-G-INT-10,ANTHROPOMORPHISM_DIRECT_MECHANISM_NOT_ESTABLISHED
RAI4-0693,Algorithm and data,RAI3-G-INT-10,ANTHROPOMORPHISM_DIRECT_MECHANISM_NOT_ESTABLISHED
RAI4-0696,Bias and discrimination (bias in training datasets),RAI3-G-SYS-03,TAXONOMY_GAP:GOVERNANCE_AUDIT_REGULATION
RAI4-0697,Bias and discrimination (value embedding),RAI3-G-INT-10,TAXONOMY_GAP:GOVERNANCE_AUDIT_REGULATION
RAI4-0698,Bias and discrimination (value lock and outcome homogenization),RAI3-G-SYS-05,TAXONOMY_GAP:GOVERNANCE_AUDIT_REGULATION
RAI4-0700,Biased statements and recommendations,RAI3-G-SYS-08,OVERLOADED_L3_LOW_EVIDENCE_FIT
RAI4-0701,Biases are not accurately reflected in explanations,RAI3-G-INT-11,TAXONOMY_GAP:TRANSPARENCY_EXPLAINABILITY
RAI4-0702,Biases in AI-based content moderation algorithms,RAI3-G-INT-10,ANTHROPOMORPHISM_DIRECT_MECHANISM_NOT_ESTABLISHED
RAI4-0704,Cyberspace risks (risks of information and content safety),RAI3-G-INT-08,TAXONOMY_GAP:GOVERNANCE_AUDIT_REGULATION
RAI4-0712,Harmful content - toxicity,RAI3-G-INT-03,TAXONOMY_GAP:DELIBERATE_DISINFORMATION
RAI4-0720,Risks from bias and underrepresentation,RAI3-G-INT-10,ANTHROPOMORPHISM_DIRECT_MECHANISM_NOT_ESTABLISHED
RAI4-0721,Risks from data (risks of improper content and poisoning in training data),RAI3-G-INT-08,TAXONOMY_GAP:GOVERNANCE_AUDIT_REGULATION
RAI4-0722,Risks from models and algorithms (risks of bias and discrimination),RAI3-G-INT-04,TAXONOMY_GAP:GOVERNANCE_AUDIT_REGULATION
RAI4-0739,Sensitive-information exposure,RAI3-G-INT-10,ANTHROPOMORPHISM_DIRECT_MECHANISM_NOT_ESTABLISHED
RAI4-0742,Jailbreak in LLM malicious use - backdoor attack,RAI3-G-INT-11,TAXONOMY_GAP:GENERAL_AI_SECURITY
RAI4-0743,Jailbreak in LLM malicious use - poisoning training data,RAI3-G-INT-08,OVERLOADED_L3_LOW_EVIDENCE_FIT
RAI4-0744,Jailbreak in LLM malicious use - prompt attacks,RAI3-G-SYS-05,TAXONOMY_GAP:TRANSPARENCY_EXPLAINABILITY
RAI4-0745,Jailbreak in LLM malicious use - white and black box attacks,RAI3-G-INT-11,TAXONOMY_GAP:TRANSPARENCY_EXPLAINABILITY
RAI4-0747,Limitations in adversarial robustness,RAI3-G-INT-11,TAXONOMY_GAP:ROBUSTNESS_ALIGNMENT_CONTROL
RAI4-0755,Privacy - model extraction attack (MEA),RAI3-G-INT-06,TAXONOMY_GAP:GENERAL_AI_SECURITY
RAI4-0758,Prompt injection attack,RAI3-G-INT-11,TAXONOMY_GAP:ROBUSTNESS_ALIGNMENT_CONTROL
RAI4-0764,Risks to privacy,RAI3-G-INT-06,TAXONOMY_GAP:TRANSPARENCY_EXPLAINABILITY
RAI4-0766,Adversarial AI (general),RAI3-G-INT-08,TAXONOMY_GAP:GENERAL_AI_SECURITY
RAI4-0768,Adversarial AI: data and model exfiltration attacks,RAI3-G-INT-06,TAXONOMY_GAP:GENERAL_AI_SECURITY
RAI4-0769,Adversarial AI: prompt injections,RAI3-G-INT-11,TAXONOMY_GAP:GENERAL_AI_SECURITY
RAI4-0770,Adversarial attacks targeting explainable AI techniques,RAI3-A-SYS-05,TAXONOMY_GAP:TRANSPARENCY_EXPLAINABILITY
RAI4-0773,Attacking LLMs via additional modalities a,RAI3-G-INT-08,OVERLOADED_L3_LOW_EVIDENCE_FIT
RAI4-0774,Backdoors or trojan attacks in GPAI models,RAI3-G-INT-11,TAXONOMY_GAP:GENERAL_AI_SECURITY
RAI4-0775,Cyberspace risks (risks of information leakage due to improper usage),RAI3-G-INT-08,TAXONOMY_GAP:GOVERNANCE_AUDIT_REGULATION
RAI4-0776,Cyberspace risks (risks of security flaw transmission caused by model reuse),RAI3-G-INT-08,TAXONOMY_GAP:GOVERNANCE_AUDIT_REGULATION
RAI4-0778,Data exfiltration,RAI3-G-INT-11,TAXONOMY_GAP:GENERAL_AI_SECURITY
RAI4-0779,Data-related (difficulty filtering large web scrapes or large scale web datasets),RAI3-G-INT-08,TAXONOMY_GAP:GENERAL_AI_SECURITY
RAI4-0783,Evasion attacks,RAI3-G-INT-11,TAXONOMY_GAP:GENERAL_AI_SECURITY
RAI4-0786,Extraction attacks,RAI3-G-INT-11,TAXONOMY_GAP:TRANSPARENCY_EXPLAINABILITY
RAI4-0788,Fine-tuning related (poisoning models during instruction tuning),RAI3-G-INT-11,TAXONOMY_GAP:GENERAL_AI_SECURITY
RAI4-0791,AI-generated defamation,RAI3-G-SYS-03,OVERLOADED_L3_LOW_EVIDENCE_FIT
RAI4-0798,Overburdening ecosystems,RAI3-G-INT-10,ANTHROPOMORPHISM_DIRECT_MECHANISM_NOT_ESTABLISHED
RAI4-0799,Pollution of information ecosystem,RAI3-G-SYS-03,TAXONOMY_GAP:DELIBERATE_DISINFORMATION
RAI4-0800,"Cognitive risks (risks of amplifying the effects of ""information cocoons"")",RAI3-A-SYS-03,TAXONOMY_GAP:GOVERNANCE_AUDIT_REGULATION
RAI4-0802,"Cyberspace risks (risks of confusing facts, misleading users, and bypassing authentication)",RAI3-G-INT-10,TAXONOMY_GAP:GOVERNANCE_AUDIT_REGULATION
RAI4-0804,Degraded and homogenised information environments,RAI3-G-SYS-03,TAXONOMY_GAP:DELIBERATE_DISINFORMATION
RAI4-0805,Entrenched viewpoints and reduced political efficacy,RAI3-G-INT-10,TAXONOMY_GAP:DEPENDENCY_MANIPULATION
RAI4-0806,Entrenching specific ideologies,RAI3-G-INT-10,ANTHROPOMORPHISM_DIRECT_MECHANISM_NOT_ESTABLISHED
RAI4-0807,Eroding trust and undermining shared knowledge,RAI3-G-SYS-03,OVERLOADED_L3_LOW_EVIDENCE_FIT
RAI4-0809,Factually incorrect content (inaccuracies and fabricated sources),RAI3-G-SYS-03,TAXONOMY_GAP:GOVERNANCE_AUDIT_REGULATION
RAI4-0810,Faithfulness errors,RAI3-G-SYS-03,OVERLOADED_L3_LOW_EVIDENCE_FIT
RAI4-0815,Information degradation,RAI3-G-SYS-03,TAXONOMY_GAP:DELIBERATE_DISINFORMATION
RAI4-0816,Institutional trust loss,RAI3-G-INT-06,TAXONOMY_GAP:DELIBERATE_DISINFORMATION
RAI4-0821,Paradigm and distribution shifts,RAI3-A-SYS-03,TAXONOMY_GAP:ROBUSTNESS_ALIGNMENT_CONTROL
RAI4-0825,Risks from models and algorithms (risks of unreliable output),RAI3-G-SYS-03,TAXONOMY_GAP:GOVERNANCE_AUDIT_REGULATION
RAI4-0829,Degradation of the information environment,RAI3-G-SYS-03,OVERLOADED_L3_LOW_EVIDENCE_FIT
RAI4-0837,Misinformation and privacy violations,RAI3-G-SYS-03,OVERLOADED_L3_LOW_EVIDENCE_FIT
RAI4-0842,AI contributes to increased online polarisation,RAI3-G-INT-10,ANTHROPOMORPHISM_DIRECT_MECHANISM_NOT_ESTABLISHED
RAI4-0844,Disseminating false or misleading information,RAI3-G-INT-10,TAXONOMY_GAP:DEPENDENCY_MANIPULATION
RAI4-0845,Eroded epistemics,RAI3-G-INT-10,ANTHROPOMORPHISM_DIRECT_MECHANISM_NOT_ESTABLISHED
RAI4-0846,Reduced decision-making capacity as a result of decreased trust in information,RAI3-G-SYS-03,OVERLOADED_L3_LOW_EVIDENCE_FIT
RAI4-0848,Technology addiction and dependence,RAI3-G-INT-06,TAXONOMY_GAP:DEPENDENCY_MANIPULATION
RAI4-0851,Human choice of overreliance in critical sectors,RAI3-A-SYS-01,TAXONOMY_GAP:DEPENDENCY_MANIPULATION
RAI4-0852,Impact on human agency,RAI3-G-INT-10,ANTHROPOMORPHISM_DIRECT_MECHANISM_NOT_ESTABLISHED
RAI4-0858,Overreliance on AI,RAI3-G-SYS-07,TAXONOMY_GAP:DEPENDENCY_MANIPULATION
RAI4-0860,Personal decision automation capabilities,RAI3-G-INT-10,ANTHROPOMORPHISM_DIRECT_MECHANISM_NOT_ESTABLISHED
RAI4-0865,Alignment trust,RAI3-G-INT-10,ANTHROPOMORPHISM_DIRECT_MECHANISM_NOT_ESTABLISHED
RAI4-0871,Manipulation via personalization,RAI3-G-INT-10,ANTHROPOMORPHISM_DIRECT_MECHANISM_NOT_ESTABLISHED
RAI4-0874,Ethical risks (risks of challenging traditional social order),RAI3-G-INT-10,TAXONOMY_GAP:GOVERNANCE_AUDIT_REGULATION
RAI4-0876,Generating material dependence without adequate commitment to user needs,RAI3-G-SYS-09,TAXONOMY_GAP:PLURALISTIC_VALUE_STAKEHOLDER
RAI4-0879,Increased vulnerability to misinformation,RAI3-G-INT-10,ANTHROPOMORPHISM_DIRECT_MECHANISM_NOT_ESTABLISHED
RAI4-0880,"Influence, overreliance and dependence (influence and manipulation)",RAI3-G-SYS-03,TAXONOMY_GAP:DEPENDENCY_MANIPULATION|GOVERNANCE_AUDIT_REGULATION
RAI4-0883,Long-term effects of AI model biases on user judgment,RAI3-G-INT-10,ANTHROPOMORPHISM_DIRECT_MECHANISM_NOT_ESTABLISHED
RAI4-0884,Manipulation and coercion,RAI3-G-INT-10,ANTHROPOMORPHISM_DIRECT_MECHANISM_NOT_ESTABLISHED
RAI4-0885,Overreliance on AI,RAI3-G-INT-10,TAXONOMY_GAP:DEPENDENCY_MANIPULATION
RAI4-0887,Physical and psychological harms,RAI3-G-INT-01,TAXONOMY_GAP:DELIBERATE_DISINFORMATION|DEPENDENCY_MANIPULATION
RAI4-0890,Self-actualisation harms,RAI3-G-SYS-08,TAXONOMY_GAP:PLURALISTIC_VALUE_STAKEHOLDER
RAI4-0891,Sociocultural and political harms,RAI3-G-INT-09,TAXONOMY_GAP:DELIBERATE_DISINFORMATION
RAI4-0893,Violated expectations,RAI3-G-INT-10,ANTHROPOMORPHISM_DIRECT_MECHANISM_NOT_ESTABLISHED
RAI4-0899,Human–AI interaction,RAI3-G-INT-10,ANTHROPOMORPHISM_DIRECT_MECHANISM_NOT_ESTABLISHED
RAI4-0901,Overreliance on AI,RAI3-G-SYS-09,TAXONOMY_GAP:DEPENDENCY_MANIPULATION
RAI4-0902,Overreliance on AI,RAI3-G-INT-10,TAXONOMY_GAP:DEPENDENCY_MANIPULATION
RAI4-0903,Reduced autonomy/responsibility,RAI3-G-INT-10,ANTHROPOMORPHISM_DIRECT_MECHANISM_NOT_ESTABLISHED
RAI4-0904,Trustworthiness and autonomy,RAI3-G-INT-10,ANTHROPOMORPHISM_DIRECT_MECHANISM_NOT_ESTABLISHED
RAI4-0906,AI-induced strategic instability,RAI3-G-INT-10,ANTHROPOMORPHISM_DIRECT_MECHANISM_NOT_ESTABLISHED
RAI4-0907,Anthropomorphising systems can lead to overreliance and unsafe use,RAI3-G-INT-10,TAXONOMY_GAP:DEPENDENCY_MANIPULATION
RAI4-0909,Bigger than expected,RAI3-G-INT-08,OVERLOADED_L3_LOW_EVIDENCE_FIT
RAI4-0911,Willful indifference,RAI3-G-SYS-08,TAXONOMY_GAP:ENVIRONMENT_ENERGY_RESOURCES
RAI4-0916,Software vulnerabilities,RAI3-G-INT-08,OVERLOADED_L3_LOW_EVIDENCE_FIT
RAI4-0918,Software supply chains,RAI3-G-INT-08,OVERLOADED_L3_LOW_EVIDENCE_FIT
RAI4-0919,Pre-processing tools,RAI3-G-INT-08,OVERLOADED_L3_LOW_EVIDENCE_FIT
RAI4-0921,Memory and storage,RAI3-G-INT-08,OVERLOADED_L3_LOW_EVIDENCE_FIT
RAI4-0925,Poisoning attacks,RAI3-G-INT-11,TAXONOMY_GAP:GENERAL_AI_SECURITY
RAI4-0926,Overhead attacks,RAI3-A-SYS-03,TAXONOMY_GAP:ENVIRONMENT_ENERGY_RESOURCES
RAI4-0927,Novel attacks on LLMs,RAI3-G-INT-11,TAXONOMY_GAP:GENERAL_AI_SECURITY
RAI4-0935,Environmental and socioeconomic harms,RAI3-G-INT-07,TAXONOMY_GAP:ENVIRONMENT_ENERGY_RESOURCES
RAI4-0942,Unsafe advanced AI,RAI3-G-INT-09,TAXONOMY_GAP:GOVERNANCE_AUDIT_REGULATION
RAI4-0943,Security - robustness,RAI3-G-INT-11,TAXONOMY_GAP:GENERAL_AI_SECURITY|ROBUSTNESS_ALIGNMENT_CONTROL
RAI4-0944,Education - learning,RAI3-G-INT-10,ANTHROPOMORPHISM_DIRECT_MECHANISM_NOT_ESTABLISHED
RAI4-0945,Misalignment with human values,RAI3-G-SYS-08,TAXONOMY_GAP:ROBUSTNESS_ALIGNMENT_CONTROL
RAI4-0947,Governance - regulation,RAI3-A-SYS-04,TAXONOMY_GAP:GOVERNANCE_AUDIT_REGULATION
RAI4-0948,Labor displacement - economic impact,RAI3-A-SYS-04,TAXONOMY_GAP:LABOR_INEQUALITY_POWER
RAI4-0949,Transparency - explainability,RAI3-G-INT-11,TAXONOMY_GAP:TRANSPARENCY_EXPLAINABILITY
RAI4-0952,Writing - research,RAI3-G-INT-08,OVERLOADED_L3_LOW_EVIDENCE_FIT
RAI4-0953,AI task incompetence,RAI3-G-SYS-08,OVERLOADED_L3_LOW_EVIDENCE_FIT
RAI4-0955,Algorithmic bias,RAI3-G-INT-10,ANTHROPOMORPHISM_DIRECT_MECHANISM_NOT_ESTABLISHED
RAI4-0957,Lack of transparency,RAI3-G-SYS-09,TAXONOMY_GAP:GOVERNANCE_AUDIT_REGULATION|TRANSPARENCY_EXPLAINABILITY
RAI4-0960,Mass manipulation,RAI3-G-INT-10,ANTHROPOMORPHISM_DIRECT_MECHANISM_NOT_ESTABLISHED
RAI4-0963,Loss of autonomy,RAI3-G-INT-10,TAXONOMY_GAP:TRANSPARENCY_EXPLAINABILITY
RAI4-0964,Lack of privacy notice and control,RAI3-G-INT-10,ANTHROPOMORPHISM_DIRECT_MECHANISM_NOT_ESTABLISHED
RAI4-0965,Malicious misuse,RAI3-G-SYS-03,OVERLOADED_L3_LOW_EVIDENCE_FIT
RAI4-0966,AI accidents,RAI3-G-SYS-08,OVERLOADED_L3_LOW_EVIDENCE_FIT
RAI4-0977,Human dignity/respect,RAI3-G-INT-10,ANTHROPOMORPHISM_DIRECT_MECHANISM_NOT_ESTABLISHED
RAI4-0978,Decision making transparency,RAI3-G-INT-10,TAXONOMY_GAP:TRANSPARENCY_EXPLAINABILITY
RAI4-0979,Law abiding,RAI3-G-INT-10,ANTHROPOMORPHISM_DIRECT_MECHANISM_NOT_ESTABLISHED
RAI4-0981,Societal manipulation,RAI3-G-INT-10,ANTHROPOMORPHISM_DIRECT_MECHANISM_NOT_ESTABLISHED
RAI4-0985,Property/legal rights,RAI3-G-INT-10,ANTHROPOMORPHISM_DIRECT_MECHANISM_NOT_ESTABLISHED
RAI4-0990,Human-like immoral decisions,RAI3-G-SYS-08,OVERLOADED_L3_LOW_EVIDENCE_FIT
RAI4-0996,Environmental impacts,RAI3-G-INT-07,TAXONOMY_GAP:ENVIRONMENT_ENERGY_RESOURCES
RAI4-0997,Stereotyping social groups,RAI3-G-INT-10,ANTHROPOMORPHISM_DIRECT_MECHANISM_NOT_ESTABLISHED
RAI4-0999,Erasing social groups,RAI3-G-INT-10,ANTHROPOMORPHISM_DIRECT_MECHANISM_NOT_ESTABLISHED
RAI4-1004,Economic loss,RAI3-A-SYS-04,TAXONOMY_GAP:LABOR_INEQUALITY_POWER
RAI4-1005,Group alienation,RAI3-G-SYS-08,OVERLOADED_L3_LOW_EVIDENCE_FIT
RAI4-1007,Service/benefit loss,RAI3-G-SYS-08,OVERLOADED_L3_LOW_EVIDENCE_FIT
RAI4-1010,Civic and political harms,RAI3-G-INT-09,TAXONOMY_GAP:GOVERNANCE_AUDIT_REGULATION
RAI4-1011,Labor and material/macro-socio economic harms,RAI3-A-SYS-04,TAXONOMY_GAP:LABOR_INEQUALITY_POWER
RAI4-1012,Environmental harms,RAI3-G-INT-08,OVERLOADED_L3_LOW_EVIDENCE_FIT
RAI4-1015,Environmental and societal impact,RAI3-G-INT-10,TAXONOMY_GAP:ENVIRONMENT_ENERGY_RESOURCES|LABOR_INEQUALITY_POWER
RAI4-1016,Long-term and existential risk,RAI3-G-SYS-08,OVERLOADED_L3_LOW_EVIDENCE_FIT
RAI4-1017,Performance and robustness,RAI3-G-SYS-07,TAXONOMY_GAP:ROBUSTNESS_ALIGNMENT_CONTROL
RAI4-1019,Cultural values and sensitive content,RAI3-G-INT-04,TAXONOMY_GAP:PLURALISTIC_VALUE_STAKEHOLDER
RAI4-1024,Data and content moderation labor,RAI3-G-INT-08,TAXONOMY_GAP:TRANSPARENCY_EXPLAINABILITY
RAI4-1025,"Inequality, marginalization, and violence",RAI3-G-INT-01,TAXONOMY_GAP:PLURALISTIC_VALUE_STAKEHOLDER
RAI4-1027,Labor and creativity,RAI3-G-INT-10,ANTHROPOMORPHISM_DIRECT_MECHANISM_NOT_ESTABLISHED
RAI4-1028,Ecosystem and environment,RAI3-G-INT-10,ANTHROPOMORPHISM_DIRECT_MECHANISM_NOT_ESTABLISHED
RAI4-1029,Unfairness in AI decisions,RAI3-G-INT-10,ANTHROPOMORPHISM_DIRECT_MECHANISM_NOT_ESTABLISHED
RAI4-1032,Complexity of the intended task and usage environment,RAI3-G-SYS-08,OVERLOADED_L3_LOW_EVIDENCE_FIT
RAI4-1033,Degree of transparency and explainability,RAI3-G-INT-10,TAXONOMY_GAP:TRANSPARENCY_EXPLAINABILITY
RAI4-1039,Algorithmic design failure,RAI3-G-SYS-08,OVERLOADED_L3_LOW_EVIDENCE_FIT
RAI4-1041,Lack of robustness,RAI3-A-SYS-04,TAXONOMY_GAP:ROBUSTNESS_ALIGNMENT_CONTROL
RAI4-1043,Implementation failure,RAI3-G-SYS-08,OVERLOADED_L3_LOW_EVIDENCE_FIT
RAI4-1044,Loss of human control,RAI3-G-SYS-08,OVERLOADED_L3_LOW_EVIDENCE_FIT
RAI4-1051,Social stereotypes and unfair discrimination,RAI3-G-INT-08,OVERLOADED_L3_LOW_EVIDENCE_FIT
RAI4-1064,Environmental harms from operating LMs,RAI3-G-INT-08,TAXONOMY_GAP:ENVIRONMENT_ENERGY_RESOURCES
RAI4-1067,"Disparate access to benefits due to hardware, software, skill constraints",RAI3-G-SYS-08,OVERLOADED_L3_LOW_EVIDENCE_FIT
RAI4-1081,Environmental harms from operation LMs,RAI3-G-INT-08,TAXONOMY_GAP:ENVIRONMENT_ENERGY_RESOURCES
RAI4-1087,AI-generated defamation,RAI3-G-INT-10,ANTHROPOMORPHISM_DIRECT_MECHANISM_NOT_ESTABLISHED
RAI4-1091,Misappropriation and exploitation,RAI3-G-INT-08,OVERLOADED_L3_LOW_EVIDENCE_FIT
RAI4-1092,Unfair distribution of benefits from model access,RAI3-G-SYS-08,OVERLOADED_L3_LOW_EVIDENCE_FIT
RAI4-1093,Environmental damage,RAI3-A-SYS-04,TAXONOMY_GAP:ENVIRONMENT_ENERGY_RESOURCES
RAI4-1094,Inequality and precarity,RAI3-A-SYS-03,TAXONOMY_GAP:LABOR_INEQUALITY_POWER
RAI4-1095,Undermine creative economies,RAI3-G-INT-08,OVERLOADED_L3_LOW_EVIDENCE_FIT
RAI4-1096,Exploitative data sourcing and enrichment,RAI3-G-INT-08,OVERLOADED_L3_LOW_EVIDENCE_FIT
RAI4-1097,Governance of autonomous intelligence systems,RAI3-G-SYS-08,TAXONOMY_GAP:GOVERNANCE_AUDIT_REGULATION|TRANSPARENCY_EXPLAINABILITY
RAI4-1098,Responsibility and accountability,RAI3-G-INT-10,TAXONOMY_GAP:GOVERNANCE_AUDIT_REGULATION|TRANSPARENCY_EXPLAINABILITY
RAI4-1100,AI-rulemaking for human behaviour,RAI3-G-INT-10,ANTHROPOMORPHISM_DIRECT_MECHANISM_NOT_ESTABLISHED
RAI4-1102,Moral dilemmas,RAI3-G-SYS-08,OVERLOADED_L3_LOW_EVIDENCE_FIT
RAI4-1103,AI discrimination,RAI3-G-SYS-08,OVERLOADED_L3_LOW_EVIDENCE_FIT
RAI4-1105,Social acceptance and trust in AI,RAI3-G-INT-10,TAXONOMY_GAP:TRANSPARENCY_EXPLAINABILITY
RAI4-1106,Transformation of H2M interaction,RAI3-G-INT-10,ANTHROPOMORPHISM_DIRECT_MECHANISM_NOT_ESTABLISHED
RAI4-1109,Out-of-domain data,RAI3-G-SYS-03,OVERLOADED_L3_LOW_EVIDENCE_FIT
RAI4-1110,Adversarial attack,RAI3-G-SYS-05,TAXONOMY_GAP:GENERAL_AI_SECURITY
RAI4-1111,Model bias,RAI3-G-SYS-03,OVERLOADED_L3_LOW_EVIDENCE_FIT
RAI4-1117,Concentration of power,RAI3-G-INT-10,ANTHROPOMORPHISM_DIRECT_MECHANISM_NOT_ESTABLISHED
RAI4-1124,AI-enabled deception,RAI3-G-INT-10,ANTHROPOMORPHISM_DIRECT_MECHANISM_NOT_ESTABLISHED
RAI4-1127,Lack of capability for task,RAI3-G-SYS-09,TAXONOMY_GAP:ROBUSTNESS_ALIGNMENT_CONTROL
RAI4-1128,Difficult to develop metrics for evaluating benefits or harms caused by AI assistants,RAI3-G-SYS-08,OVERLOADED_L3_LOW_EVIDENCE_FIT
RAI4-1133,Deceptive alignment,RAI3-A-SYS-05,TAXONOMY_GAP:ROBUSTNESS_ALIGNMENT_CONTROL
RAI4-1135,Malicious code generation,RAI3-G-INT-08,OVERLOADED_L3_LOW_EVIDENCE_FIT
RAI4-1141,False notions of responsibility,RAI3-G-INT-10,ANTHROPOMORPHISM_DIRECT_MECHANISM_NOT_ESTABLISHED
RAI4-1143,Exploiting emotional dependence on AI assistants,RAI3-G-INT-10,ANTHROPOMORPHISM_DIRECT_MECHANISM_NOT_ESTABLISHED
RAI4-1149,Institutional responsibilities,RAI3-G-SYS-08,OVERLOADED_L3_LOW_EVIDENCE_FIT
RAI4-1151,Entrenchment and exacerbation of existing inequalities,RAI3-G-INT-10,ANTHROPOMORPHISM_DIRECT_MECHANISM_NOT_ESTABLISHED
RAI4-1155,Weaponised misinformation agents,RAI3-G-INT-09,TAXONOMY_GAP:DELIBERATE_DISINFORMATION
RAI4-1158,Persuasion and manipulation,RAI3-G-INT-10,ANTHROPOMORPHISM_DIRECT_MECHANISM_NOT_ESTABLISHED
RAI4-1162,AI development,RAI3-G-INT-09,TAXONOMY_GAP:ROBUSTNESS_ALIGNMENT_CONTROL
RAI4-1176,Reverse exposure,RAI3-G-SYS-03,OVERLOADED_L3_LOW_EVIDENCE_FIT
RAI4-1183,Deepfake technology,RAI3-G-INT-10,ANTHROPOMORPHISM_DIRECT_MECHANISM_NOT_ESTABLISHED
RAI4-1185,Malicious use of AI,RAI3-G-INT-08,OVERLOADED_L3_LOW_EVIDENCE_FIT
RAI4-1192,Automated propaganda,RAI3-A-SYS-03,TAXONOMY_GAP:DELIBERATE_DISINFORMATION
RAI4-1193,AI-enabled social engineering,RAI3-G-INT-10,ANTHROPOMORPHISM_DIRECT_MECHANISM_NOT_ESTABLISHED
RAI4-1195,Lack of interpretability,RAI3-G-SYS-09,TAXONOMY_GAP:TRANSPARENCY_EXPLAINABILITY
RAI4-1197,Limited causal reasoning,RAI3-G-SYS-03,OVERLOADED_L3_LOW_EVIDENCE_FIT
RAI4-1198,Unawareness of emotions,RAI3-G-INT-10,ANTHROPOMORPHISM_DIRECT_MECHANISM_NOT_ESTABLISHED
RAI4-1203,AI system security vulnerability,RAI3-G-INT-08,OVERLOADED_L3_LOW_EVIDENCE_FIT
RAI4-1205,Privacy and consent,RAI3-G-INT-10,ANTHROPOMORPHISM_DIRECT_MECHANISM_NOT_ESTABLISHED
RAI4-1206,Believable deepfakes,RAI3-G-SYS-03,OVERLOADED_L3_LOW_EVIDENCE_FIT
RAI4-1209,Generative AI outputs,RAI3-G-INT-10,ANTHROPOMORPHISM_DIRECT_MECHANISM_NOT_ESTABLISHED
RAI4-1212,Exacerbating climate change,RAI3-G-INT-10,ANTHROPOMORPHISM_DIRECT_MECHANISM_NOT_ESTABLISHED
RAI4-1213,Generative AI in the workplace,RAI3-G-INT-10,ANTHROPOMORPHISM_DIRECT_MECHANISM_NOT_ESTABLISHED
RAI4-1214,Job automation instead of augmentation,RAI3-G-INT-10,ANTHROPOMORPHISM_DIRECT_MECHANISM_NOT_ESTABLISHED
RAI4-1215,Devaluation of labor and heightened economic inequality,RAI3-G-INT-10,TAXONOMY_GAP:LABOR_INEQUALITY_POWER
RAI4-1217,Exacerbating market power and concentration,RAI3-G-INT-10,ANTHROPOMORPHISM_DIRECT_MECHANISM_NOT_ESTABLISHED
RAI4-1219,Environmental impacts,RAI3-G-INT-07,TAXONOMY_GAP:ENVIRONMENT_ENERGY_RESOURCES
RAI4-1220,Harmful or inappropriate content,RAI3-G-INT-02,TAXONOMY_GAP:GOVERNANCE_AUDIT_REGULATION
RAI4-1224,Digital divide,RAI3-G-SYS-03,OVERLOADED_L3_LOW_EVIDENCE_FIT
RAI4-1225,Quality of training data,RAI3-G-INT-08,OVERLOADED_L3_LOW_EVIDENCE_FIT
RAI4-1226,Lack of explainability,RAI3-G-SYS-09,TAXONOMY_GAP:TRANSPARENCY_EXPLAINABILITY
RAI4-1230,AI governance failure,RAI3-G-SYS-09,TAXONOMY_GAP:GOVERNANCE_AUDIT_REGULATION
RAI4-1232,Disruption of industries,RAI3-G-INT-10,ANTHROPOMORPHISM_DIRECT_MECHANISM_NOT_ESTABLISHED
RAI4-1233,Income inequality and monopolies,RAI3-A-SYS-03,TAXONOMY_GAP:LABOR_INEQUALITY_POWER
RAI4-1234,Reward hacking,RAI3-A-SYS-05,TAXONOMY_GAP:ROBUSTNESS_ALIGNMENT_CONTROL
RAI4-1235,Goal misgeneralization,RAI3-G-SYS-08,TAXONOMY_GAP:ROBUSTNESS_ALIGNMENT_CONTROL
RAI4-1236,Reward tampering,RAI3-G-SYS-08,TAXONOMY_GAP:ROBUSTNESS_ALIGNMENT_CONTROL
RAI4-1238,Limitations of reward modeling,RAI3-A-SYS-05,TAXONOMY_GAP:ROBUSTNESS_ALIGNMENT_CONTROL
RAI4-1239,Situational awareness,RAI3-G-INT-10,TAXONOMY_GAP:ROBUSTNESS_ALIGNMENT_CONTROL
RAI4-1245,Deceptive alignment and manipulation,RAI3-A-SYS-03,TAXONOMY_GAP:ROBUSTNESS_ALIGNMENT_CONTROL
RAI4-1247,Violation of ethics,RAI3-G-SYS-08,OVERLOADED_L3_LOW_EVIDENCE_FIT
RAI4-1249,Human enfeeblement,RAI3-G-INT-10,ANTHROPOMORPHISM_DIRECT_MECHANISM_NOT_ESTABLISHED
RAI4-1253,AI-enabled deception,RAI3-G-INT-10,ANTHROPOMORPHISM_DIRECT_MECHANISM_NOT_ESTABLISHED
RAI4-1259,Threats to human institutions and life,RAI3-G-INT-10,ANTHROPOMORPHISM_DIRECT_MECHANISM_NOT_ESTABLISHED
RAI4-1260,Uniformity in the AI field,RAI3-G-INT-10,ANTHROPOMORPHISM_DIRECT_MECHANISM_NOT_ESTABLISHED
RAI4-1261,Building a human-AI environment,RAI3-G-INT-10,ANTHROPOMORPHISM_DIRECT_MECHANISM_NOT_ESTABLISHED
RAI4-1263,Building an AI able to adapt to humans,RAI3-G-INT-10,ANTHROPOMORPHISM_DIRECT_MECHANISM_NOT_ESTABLISHED
RAI4-1264,Attributing the responsibility for AI's failures,RAI3-G-INT-10,ANTHROPOMORPHISM_DIRECT_MECHANISM_NOT_ESTABLISHED
RAI4-1265,Humans' unethical conducts,RAI3-G-INT-10,ANTHROPOMORPHISM_DIRECT_MECHANISM_NOT_ESTABLISHED
RAI4-1266,Bias and fairness,RAI3-G-INT-10,ANTHROPOMORPHISM_DIRECT_MECHANISM_NOT_ESTABLISHED
RAI4-1267,Transparency and explainability,RAI3-G-INT-10,TAXONOMY_GAP:TRANSPARENCY_EXPLAINABILITY
RAI4-1268,Trust and reliability,RAI3-G-INT-10,TAXONOMY_GAP:TRANSPARENCY_EXPLAINABILITY
RAI4-1269,Energy consumption,RAI3-A-SYS-04,TAXONOMY_GAP:ENVIRONMENT_ENERGY_RESOURCES
RAI4-1271,Robustness and reliability,RAI3-G-SYS-07,TAXONOMY_GAP:ROBUSTNESS_ALIGNMENT_CONTROL
RAI4-1274,Unfairness in AI decisions,RAI3-G-INT-10,ANTHROPOMORPHISM_DIRECT_MECHANISM_NOT_ESTABLISHED
RAI4-1278,Accountability gap,RAI3-G-INT-10,ANTHROPOMORPHISM_DIRECT_MECHANISM_NOT_ESTABLISHED
RAI4-1279,Lack of reproducibility,RAI3-G-INT-08,TAXONOMY_GAP:TRANSPARENCY_EXPLAINABILITY
RAI4-1280,Lack of verifiability,RAI3-G-SYS-09,TAXONOMY_GAP:TRANSPARENCY_EXPLAINABILITY
RAI4-1281,Unmanageable system complexity,RAI3-G-SYS-08,OVERLOADED_L3_LOW_EVIDENCE_FIT
RAI4-1284,By mistake - pre-deployment,RAI3-G-SYS-08,OVERLOADED_L3_LOW_EVIDENCE_FIT
RAI4-1287,Environment - post-deployment,RAI3-G-SYS-03,OVERLOADED_L3_LOW_EVIDENCE_FIT
RAI4-1288,Independently - pre-deployment,RAI3-G-INT-10,ANTHROPOMORPHISM_DIRECT_MECHANISM_NOT_ESTABLISHED
RAI4-1289,Independently - post-deployment,RAI3-A-SYS-04,TAXONOMY_GAP:DEPENDENCY_MANIPULATION
RAI4-1290,Increased income disparity,RAI3-G-INT-10,TAXONOMY_GAP:LABOR_INEQUALITY_POWER
RAI4-1291,Biased influence through citizen screening and tailored propaganda,RAI3-G-INT-10,TAXONOMY_GAP:DELIBERATE_DISINFORMATION
RAI4-1292,Liability issues in case of accidents,RAI3-G-INT-10,ANTHROPOMORPHISM_DIRECT_MECHANISM_NOT_ESTABLISHED
RAI4-1293,Social manipulation in elderly- and child-care,RAI3-G-INT-10,TAXONOMY_GAP:DEPENDENCY_MANIPULATION
RAI4-1296,Accountability gap,RAI3-G-SYS-08,OVERLOADED_L3_LOW_EVIDENCE_FIT
RAI4-1299,Algorithmic bias,RAI3-G-SYS-03,OVERLOADED_L3_LOW_EVIDENCE_FIT
RAI4-1300,Model opacity,RAI3-G-SYS-08,OVERLOADED_L3_LOW_EVIDENCE_FIT
RAI4-1306,Diluting rights,RAI3-G-INT-10,ANTHROPOMORPHISM_DIRECT_MECHANISM_NOT_ESTABLISHED
RAI4-1309,Algorithmic bias,RAI3-G-INT-10,ANTHROPOMORPHISM_DIRECT_MECHANISM_NOT_ESTABLISHED
RAI4-1310,Machine ethics,RAI3-G-INT-10,ANTHROPOMORPHISM_DIRECT_MECHANISM_NOT_ESTABLISHED
RAI4-1311,Psychological traits,RAI3-G-INT-10,ANTHROPOMORPHISM_DIRECT_MECHANISM_NOT_ESTABLISHED
RAI4-1312,Lack of robustness,RAI3-A-SYS-04,TAXONOMY_GAP:ROBUSTNESS_ALIGNMENT_CONTROL
RAI4-1313,Data governance,RAI3-G-INT-06,TAXONOMY_GAP:GOVERNANCE_AUDIT_REGULATION
RAI4-1314,Offensive cyber capabilities,RAI3-G-INT-08,OVERLOADED_L3_LOW_EVIDENCE_FIT
RAI4-1316,Self and situation awareness,RAI3-G-INT-10,ANTHROPOMORPHISM_DIRECT_MECHANISM_NOT_ESTABLISHED
RAI4-1317,Autonomous replication / self-proliferation,RAI3-G-INT-08,OVERLOADED_L3_LOW_EVIDENCE_FIT
RAI4-1320,AI-enabled deception,RAI3-G-INT-10,ANTHROPOMORPHISM_DIRECT_MECHANISM_NOT_ESTABLISHED
RAI4-1322,AI development,RAI3-G-INT-10,ANTHROPOMORPHISM_DIRECT_MECHANISM_NOT_ESTABLISHED
RAI4-1323,Alignment risks,RAI3-G-SYS-08,TAXONOMY_GAP:ROBUSTNESS_ALIGNMENT_CONTROL
RAI4-1327,Indirect material harms,RAI3-A-SYS-03,TAXONOMY_GAP:ENVIRONMENT_ENERGY_RESOURCES
RAI4-1328,Harms from estrangement,RAI3-G-INT-10,ANTHROPOMORPHISM_DIRECT_MECHANISM_NOT_ESTABLISHED
RAI4-1331,Risks from models and algorithms (risks of explainability),RAI3-G-INT-11,TAXONOMY_GAP:TRANSPARENCY_EXPLAINABILITY
RAI4-1332,Risks from models and algorithms (risks of robustness),RAI3-G-INT-08,TAXONOMY_GAP:ROBUSTNESS_ALIGNMENT_CONTROL
RAI4-1333,Risks from models and algorithms (risks of stealing and tampering),RAI3-G-INT-08,TAXONOMY_GAP:GENERAL_AI_SECURITY
RAI4-1334,Risks from models and algorithms (risks of adversarial attack),RAI3-G-INT-08,TAXONOMY_GAP:GENERAL_AI_SECURITY
RAI4-1337,Risks from AI systems (risks of exploitation through defects and backdoors),RAI3-G-INT-08,TAXONOMY_GAP:GENERAL_AI_SECURITY
RAI4-1339,Risks from AI systems (risks of supply chain security),RAI3-G-INT-08,OVERLOADED_L3_LOW_EVIDENCE_FIT
RAI4-1344,"Ethical risks (risks of exacerbating social discrimination and prejudice, and widening the intelligence divide)",RAI3-G-INT-10,ANTHROPOMORPHISM_DIRECT_MECHANISM_NOT_ESTABLISHED
RAI4-1346,Deception - synthetic identities,RAI3-G-INT-10,ANTHROPOMORPHISM_DIRECT_MECHANISM_NOT_ESTABLISHED
RAI4-1347,Propaganda - digital impersonations,RAI3-G-INT-07,TAXONOMY_GAP:DELIBERATE_DISINFORMATION
RAI4-1349,Technical vulnerabilities (robustness - unexpected behaviour),RAI3-G-INT-01,TAXONOMY_GAP:GOVERNANCE_AUDIT_REGULATION|ROBUSTNESS_ALIGNMENT_CONTROL
RAI4-1350,Technical vulnerabilities (robustness - vulnerability to jailbreaking,RAI3-G-INT-11,TAXONOMY_GAP:ROBUSTNESS_ALIGNMENT_CONTROL
RAI4-1352,Opacity (the black box problem),RAI3-A-SYS-02,TAXONOMY_GAP:TRANSPARENCY_EXPLAINABILITY
RAI4-1354,Malicious use and abuse (cybercrime),RAI3-G-INT-08,OVERLOADED_L3_LOW_EVIDENCE_FIT
RAI4-1358,Malicious use and abuse (mass surveillance),RAI3-G-INT-10,ANTHROPOMORPHISM_DIRECT_MECHANISM_NOT_ESTABLISHED
RAI4-1361,"Influence, overreliance and dependence (overreliance)",RAI3-G-SYS-08,TAXONOMY_GAP:DEPENDENCY_MANIPULATION
RAI4-1362,Nascent capabilities (agency and autonomy),RAI3-G-INT-10,ANTHROPOMORPHISM_DIRECT_MECHANISM_NOT_ESTABLISHED
RAI4-1369,Concentration of market power (trend toward market concentration),RAI3-A-SYS-05,TAXONOMY_GAP:LABOR_INEQUALITY_POWER
RAI4-1370,Concentration of market power (negative effects of increased market concentration),RAI3-A-SYS-05,TAXONOMY_GAP:LABOR_INEQUALITY_POWER
RAI4-1372,Impact on labor markets (rising inequalities),RAI3-G-INT-10,TAXONOMY_GAP:LABOR_INEQUALITY_POWER
RAI4-1375,Artificial general intelligence (existential risk posed by artificial general intelligence),RAI3-G-INT-10,ANTHROPOMORPHISM_DIRECT_MECHANISM_NOT_ESTABLISHED
RAI4-1379,Value chain and component integration,RAI3-A-SYS-02,TAXONOMY_GAP:TRANSPARENCY_EXPLAINABILITY
RAI4-1382,Loss of corrigibility,RAI3-G-SYS-08,TAXONOMY_GAP:ROBUSTNESS_ALIGNMENT_CONTROL
RAI4-1383,Safe learning,RAI3-G-INT-08,OVERLOADED_L3_LOW_EVIDENCE_FIT
RAI4-1384,Lack of intelligibility,RAI3-G-SYS-07,TAXONOMY_GAP:TRANSPARENCY_EXPLAINABILITY
RAI4-1389,Discrimination and stereotype reproduction,RAI3-A-SYS-03,TAXONOMY_GAP:TRANSPARENCY_EXPLAINABILITY
RAI4-1390,AI accidents,RAI3-A-SYS-02,TAXONOMY_GAP:TRANSPARENCY_EXPLAINABILITY
RAI4-1391,AI-enabled cybercrime,RAI3-G-INT-10,ANTHROPOMORPHISM_DIRECT_MECHANISM_NOT_ESTABLISHED
RAI4-1394,Economic power centralisation and inequality,RAI3-G-INT-10,ANTHROPOMORPHISM_DIRECT_MECHANISM_NOT_ESTABLISHED
RAI4-1395,Ideological homogenization from value embedding,RAI3-G-INT-10,ANTHROPOMORPHISM_DIRECT_MECHANISM_NOT_ESTABLISHED
RAI4-1397,Acquisition of goals to seek power and control,RAI3-G-SYS-08,OVERLOADED_L3_LOW_EVIDENCE_FIT
RAI4-1398,Recursive self-improvement,RAI3-G-INT-10,ANTHROPOMORPHISM_DIRECT_MECHANISM_NOT_ESTABLISHED
RAI4-1399,Autonomous replication,RAI3-G-SYS-03,OVERLOADED_L3_LOW_EVIDENCE_FIT
RAI4-1401,AI-enabled deception,RAI3-G-INT-10,ANTHROPOMORPHISM_DIRECT_MECHANISM_NOT_ESTABLISHED
RAI4-1405,Environmental cost,RAI3-G-SYS-05,TAXONOMY_GAP:ENVIRONMENT_ENERGY_RESOURCES
RAI4-1408,AI system security vulnerability,RAI3-G-INT-08,OVERLOADED_L3_LOW_EVIDENCE_FIT
RAI4-1412,Deceptive alignment,RAI3-G-SYS-08,TAXONOMY_GAP:ROBUSTNESS_ALIGNMENT_CONTROL
RAI4-1413,Demographic diversity of researchers,RAI3-G-INT-10,ANTHROPOMORPHISM_DIRECT_MECHANISM_NOT_ESTABLISHED
RAI4-1414,Privatization of AI,RAI3-G-INT-10,ANTHROPOMORPHISM_DIRECT_MECHANISM_NOT_ESTABLISHED
RAI4-1416,Faster scientific progress makes it harder for governance to keep pace with development,RAI3-G-SYS-07,TAXONOMY_GAP:GOVERNANCE_AUDIT_REGULATION
RAI4-1420,AI-based automation increases income inequality,RAI3-A-SYS-04,TAXONOMY_GAP:LABOR_INEQUALITY_POWER
RAI4-1421,Developments in AI enable actors to undermine democratic processes,RAI3-G-INT-10,ANTHROPOMORPHISM_DIRECT_MECHANISM_NOT_ESTABLISHED
RAI4-1423,AI's persuasive capabilities are misused to gain influence and promote harmful ideologies,RAI3-G-INT-10,ANTHROPOMORPHISM_DIRECT_MECHANISM_NOT_ESTABLISHED
RAI4-1424,Risks from AIs developing goals and values that are different from humans,RAI3-G-INT-10,ANTHROPOMORPHISM_DIRECT_MECHANISM_NOT_ESTABLISHED
RAI4-1429,Lack of transparency and interpretability,RAI3-G-SYS-09,TAXONOMY_GAP:TRANSPARENCY_EXPLAINABILITY
RAI4-1433,Overreliance on AI,RAI3-A-SYS-01,TAXONOMY_GAP:DEPENDENCY_MANIPULATION
RAI4-1453,Carbon emissions,RAI3-A-SYS-04,TAXONOMY_GAP:ENVIRONMENT_ENERGY_RESOURCES
RAI4-1457,Natural resource depletion,RAI3-G-INT-07,TAXONOMY_GAP:ENVIRONMENT_ENERGY_RESOURCES
RAI4-1458,Inadequate specification of ODD,RAI3-G-SYS-08,OVERLOADED_L3_LOW_EVIDENCE_FIT
RAI4-1462,Inappropriate degree of transparency to end users,RAI3-G-SYS-08,TAXONOMY_GAP:TRANSPARENCY_EXPLAINABILITY
RAI4-1464,Choice of untrustworthy data source,RAI3-G-SYS-03,OVERLOADED_L3_LOW_EVIDENCE_FIT
RAI4-1465,Lack of data understanding,RAI3-G-SYS-03,OVERLOADED_L3_LOW_EVIDENCE_FIT
RAI4-1466,Incorrect data labels,RAI3-G-SYS-08,OVERLOADED_L3_LOW_EVIDENCE_FIT
RAI4-1467,Data poisoning,RAI3-G-SYS-03,TAXONOMY_GAP:GENERAL_AI_SECURITY
RAI4-1468,Insufficient data representation,RAI3-G-INT-10,ANTHROPOMORPHISM_DIRECT_MECHANISM_NOT_ESTABLISHED
RAI4-1469,Problems of synthetic data,RAI3-G-INT-10,ANTHROPOMORPHISM_DIRECT_MECHANISM_NOT_ESTABLISHED
RAI4-1470,Inappropriate data splitting,RAI3-G-INT-08,TAXONOMY_GAP:GOVERNANCE_AUDIT_REGULATION
RAI4-1471,Poor model design choices,RAI3-G-SYS-08,OVERLOADED_L3_LOW_EVIDENCE_FIT
RAI4-1473,Lack of explainability,RAI3-G-SYS-07,TAXONOMY_GAP:TRANSPARENCY_EXPLAINABILITY
RAI4-1477,Data drift,RAI3-G-SYS-03,OVERLOADED_L3_LOW_EVIDENCE_FIT
RAI4-1479,Technical AI hazards,RAI3-G-INT-08,OVERLOADED_L3_LOW_EVIDENCE_FIT
RAI4-1480,Procedural AI hazards,RAI3-G-INT-10,ANTHROPOMORPHISM_DIRECT_MECHANISM_NOT_ESTABLISHED
RAI4-1484,Trading capabilities,RAI3-G-INT-10,ANTHROPOMORPHISM_DIRECT_MECHANISM_NOT_ESTABLISHED
RAI4-1487,Data-related (manipulation of data by non-domain experts),RAI3-G-SYS-03,OVERLOADED_L3_LOW_EVIDENCE_FIT
RAI4-1488,Training-related (adversarial examples),RAI3-G-INT-11,TAXONOMY_GAP:GENERAL_AI_SECURITY
RAI4-1489,Training-related (robust overfitting in adversarial training),RAI3-A-SYS-05,TAXONOMY_GAP:ROBUSTNESS_ALIGNMENT_CONTROL
RAI4-1490,Training-related (robustness certificates can be exploited to attack the models),RAI3-G-INT-11,TAXONOMY_GAP:ROBUSTNESS_ALIGNMENT_CONTROL
RAI4-1496,Fine-tuning related (degrading safety training due to benign fine-tuning),RAI3-G-INT-08,OVERLOADED_L3_LOW_EVIDENCE_FIT
RAI4-1497,Fine-tuning related (catastrophic forgetting due to continual instruction fine-tuning),RAI3-G-SYS-03,OVERLOADED_L3_LOW_EVIDENCE_FIT
RAI4-1498,General evaluations (incorrect outputs of GPAI evaluating other AI models),RAI3-G-SYS-08,OVERLOADED_L3_LOW_EVIDENCE_FIT
RAI4-1501,General evaluations (self-preference bias in AI models),RAI3-G-INT-10,ANTHROPOMORPHISM_DIRECT_MECHANISM_NOT_ESTABLISHED
RAI4-1502,General evaluations (inaccurate measurement of model encoded human values),RAI3-G-INT-10,ANTHROPOMORPHISM_DIRECT_MECHANISM_NOT_ESTABLISHED
RAI4-1503,General evaluations (biased evaluations of encoded human values),RAI3-G-INT-10,ANTHROPOMORPHISM_DIRECT_MECHANISM_NOT_ESTABLISHED
RAI4-1504,General evaluations (AI outputs for which evaluation is too difficult for humans),RAI3-G-SYS-08,TAXONOMY_GAP:GENERAL_AI_SECURITY
RAI4-1505,Benchmarking (benchmark leakage or data contamination),RAI3-G-INT-08,OVERLOADED_L3_LOW_EVIDENCE_FIT
RAI4-1506,Benchmarking (raw data contamination),RAI3-G-INT-08,OVERLOADED_L3_LOW_EVIDENCE_FIT
RAI4-1507,Benchmarking (cross-lingual data contamination),RAI3-G-INT-08,TAXONOMY_GAP:GOVERNANCE_AUDIT_REGULATION
RAI4-1509,Benchmarking (annotation contamination),RAI3-G-INT-08,OVERLOADED_L3_LOW_EVIDENCE_FIT
RAI4-1512,Conflicts of interest in auditor selection,RAI3-A-SYS-05,TAXONOMY_GAP:GOVERNANCE_AUDIT_REGULATION
RAI4-1513,Misuse of interpretability techniques,RAI3-G-SYS-08,TAXONOMY_GAP:TRANSPARENCY_EXPLAINABILITY
RAI4-1514,Misunderstanding or overestimating the results and scope of interpretability techniques,RAI3-G-SYS-08,TAXONOMY_GAP:TRANSPARENCY_EXPLAINABILITY
RAI4-1515,Model outputs inconsistent with chain-of-thought reasoning,RAI3-G-SYS-05,TAXONOMY_GAP:TRANSPARENCY_EXPLAINABILITY
RAI4-1516,Encoded reasoning,RAI3-G-INT-10,ANTHROPOMORPHISM_DIRECT_MECHANISM_NOT_ESTABLISHED
RAI4-1517,Jailbreak of a model to subvert intended behavior,RAI3-G-INT-11,TAXONOMY_GAP:TRANSPARENCY_EXPLAINABILITY
RAI4-1521,Vulnerabilities arising from additional modalities in multimodal models,RAI3-A-SYS-05,TAXONOMY_GAP:ROBUSTNESS_ALIGNMENT_CONTROL
RAI4-1527,Misuse of AI model by user-performed persuasion,RAI3-G-INT-10,ANTHROPOMORPHISM_DIRECT_MECHANISM_NOT_ESTABLISHED
RAI4-1530,Reward or measurement tampering,RAI3-G-SYS-08,OVERLOADED_L3_LOW_EVIDENCE_FIT
RAI4-1532,Goal misgeneralization,RAI3-G-SYS-08,TAXONOMY_GAP:ROBUSTNESS_ALIGNMENT_CONTROL
RAI4-1534,Deceptive behavior for game-theoretical reasons,RAI3-G-SYS-08,OVERLOADED_L3_LOW_EVIDENCE_FIT
RAI4-1540,Agency (persuasive capabilities),RAI3-G-INT-10,ANTHROPOMORPHISM_DIRECT_MECHANISM_NOT_ESTABLISHED
RAI4-1543,Unintended outbound communication by AI systems,RAI3-G-SYS-08,OVERLOADED_L3_LOW_EVIDENCE_FIT
RAI4-1545,Model weight leak,RAI3-G-INT-11,TAXONOMY_GAP:GENERAL_AI_SECURITY|ROBUSTNESS_ALIGNMENT_CONTROL
RAI4-1550,Critical infrastructure component failures when integrated with AI systems,RAI3-G-SYS-05,TAXONOMY_GAP:ROBUSTNESS_ALIGNMENT_CONTROL
RAI4-1551,AI systems interacting with brittle environments,RAI3-A-SYS-04,TAXONOMY_GAP:ROBUSTNESS_ALIGNMENT_CONTROL
RAI4-1552,Overreliance on AI system undermining user autonomy,RAI3-G-SYS-08,TAXONOMY_GAP:DEPENDENCY_MANIPULATION
RAI4-1560,GPAI assisted impersonation,RAI3-G-INT-08,OVERLOADED_L3_LOW_EVIDENCE_FIT
RAI4-1568,High energy consumption of large models,RAI3-A-SYS-04,TAXONOMY_GAP:ENVIRONMENT_ENERGY_RESOURCES
RAI4-1579,Vulnerable AI agents,RAI3-G-INT-10,ANTHROPOMORPHISM_DIRECT_MECHANISM_NOT_ESTABLISHED
RAI4-1580,Undetectable threats,RAI3-A-SYS-06,TAXONOMY_GAP:GENERAL_AI_SECURITY|TRANSPARENCY_EXPLAINABILITY
RAI4-1583,Evidence falsification,RAI3-G-SYS-03,OVERLOADED_L3_LOW_EVIDENCE_FIT
RAI4-1588,Model diversion,RAI3-G-SYS-08,OVERLOADED_L3_LOW_EVIDENCE_FIT
RAI4-1590,Data poisoning,RAI3-G-INT-08,TAXONOMY_GAP:GENERAL_AI_SECURITY
RAI4-1595,Data poisoning,RAI3-G-SYS-03,TAXONOMY_GAP:GENERAL_AI_SECURITY
RAI4-1596,Poor model accuracy,RAI3-G-SYS-08,OVERLOADED_L3_LOW_EVIDENCE_FIT
RAI4-1600,Unexplainable output,RAI3-G-SYS-08,TAXONOMY_GAP:TRANSPARENCY_EXPLAINABILITY
RAI4-1601,Unreliable source attribution,RAI3-G-SYS-08,OVERLOADED_L3_LOW_EVIDENCE_FIT
RAI4-1603,Impact on cultural diversity,RAI3-G-INT-10,ANTHROPOMORPHISM_DIRECT_MECHANISM_NOT_ESTABLISHED
RAI4-1604,Impact on the environment,RAI3-A-SYS-04,TAXONOMY_GAP:ENVIRONMENT_ENERGY_RESOURCES
RAI4-1605,Institutional trust loss,RAI3-G-SYS-03,TAXONOMY_GAP:DELIBERATE_DISINFORMATION
RAI4-1609,Loss of confidence / trust,RAI3-G-SYS-08,OVERLOADED_L3_LOW_EVIDENCE_FIT
RAI4-1611,"Bias, fairness and representational harms",RAI3-G-INT-10,ANTHROPOMORPHISM_DIRECT_MECHANISM_NOT_ESTABLISHED
RAI4-1614,AI-enabled cyber operations,RAI3-G-INT-10,ANTHROPOMORPHISM_DIRECT_MECHANISM_NOT_ESTABLISHED
RAI4-1615,Disinformation and influence operations,RAI3-G-SYS-03,TAXONOMY_GAP:DELIBERATE_DISINFORMATION
RAI4-1616,Future AI systems might actively reduce human control,RAI3-G-SYS-08,OVERLOADED_L3_LOW_EVIDENCE_FIT
RAI4-1617,Capabilities that could be used to reduce human control - manipulation,RAI3-G-INT-10,ANTHROPOMORPHISM_DIRECT_MECHANISM_NOT_ESTABLISHED
RAI4-1618,Capabilities that could be used to reduce human control - cyber offence,RAI3-G-INT-10,ANTHROPOMORPHISM_DIRECT_MECHANISM_NOT_ESTABLISHED
RAI4-1635,Situational awareness capability,RAI3-G-INT-10,ANTHROPOMORPHISM_DIRECT_MECHANISM_NOT_ESTABLISHED
RAI4-1636,Theory of mind capability,RAI3-G-INT-10,ANTHROPOMORPHISM_DIRECT_MECHANISM_NOT_ESTABLISHED
RAI4-1638,Persuasion capability,RAI3-G-INT-10,ANTHROPOMORPHISM_DIRECT_MECHANISM_NOT_ESTABLISHED
RAI4-1639,Strategic deception propensity,RAI3-A-SYS-05,TAXONOMY_GAP:DELIBERATE_DISINFORMATION
RAI4-1642,Supervision evasion propensity,RAI3-A-SYS-06,TAXONOMY_GAP:GOVERNANCE_AUDIT_REGULATION
RAI4-1650,Groups of LLM-Agents may show emergent functionality,RAI3-A-SYS-04,TAXONOMY_GAP:GOVERNANCE_AUDIT_REGULATION
RAI4-1652,Dual-use capabilities enable malicious use and misuse of LLMs,RAI3-G-INT-08,OVERLOADED_L3_LOW_EVIDENCE_FIT
RAI4-1653,Misinformation and manipulation,RAI3-G-SYS-03,TAXONOMY_GAP:DELIBERATE_DISINFORMATION
RAI4-1658,Domain-specific misuses,RAI3-G-INT-08,OVERLOADED_L3_LOW_EVIDENCE_FIT
RAI4-1659,Overreliance on AI,RAI3-G-SYS-08,TAXONOMY_GAP:DEPENDENCY_MANIPULATION
RAI4-1663,Corporate power may impeded effective governance,RAI3-A-SYS-06,TAXONOMY_GAP:GOVERNANCE_AUDIT_REGULATION
RAI4-1664,Jailbreaks and prompt injections threaten security of LLMs,RAI3-G-SYS-05,TAXONOMY_GAP:ROBUSTNESS_ALIGNMENT_CONTROL
RAI4-1667,Vulnerability to poisoning and backdoors,RAI3-G-INT-11,TAXONOMY_GAP:GENERAL_AI_SECURITY
RAI4-1674,Shutdown resistance / corrigibility failure,RAI3-G-SYS-01,TAXONOMY_GAP:ROBUSTNESS_ALIGNMENT_CONTROL
RAI4-1675,Action-space safety misalignment,RAI3-G-SYS-08,OVERLOADED_L3_LOW_EVIDENCE_FIT
RAI4-1676,Embodied jailbreak to physical harm,RAI3-G-SYS-08,OVERLOADED_L3_LOW_EVIDENCE_FIT
RAI4-1683,Specification and system design failures,RAI3-G-SYS-08,OVERLOADED_L3_LOW_EVIDENCE_FIT
RAI4-1687,Representation / training-data poisoning,RAI3-G-INT-11,TAXONOMY_GAP:GENERAL_AI_SECURITY
RAI4-1690,World-model extraction / inversion,RAI3-G-INT-11,TAXONOMY_GAP:GENERAL_AI_SECURITY
RAI4-1691,Goal misgeneralisation (world-model-equipped),RAI3-G-SYS-08,OVERLOADED_L3_LOW_EVIDENCE_FIT
RAI4-1692,Deceptive alignment via self-simulation,RAI3-A-SYS-05,TAXONOMY_GAP:ROBUSTNESS_ALIGNMENT_CONTROL
RAI4-1693,Reward hacking via world-model exploitation,RAI3-A-SYS-05,TAXONOMY_GAP:ROBUSTNESS_ALIGNMENT_CONTROL
RAI4-1697,Counterfactual authority problem,RAI3-G-SYS-03,OVERLOADED_L3_LOW_EVIDENCE_FIT
RAI4-1699,Reward hacking,RAI3-A-SYS-04,TAXONOMY_GAP:ROBUSTNESS_ALIGNMENT_CONTROL
RAI4-1700,Scalable oversight failure,RAI3-A-SYS-06,TAXONOMY_GAP:ROBUSTNESS_ALIGNMENT_CONTROL
RAI4-1702,Robustness to distributional shift [origin],RAI3-A-SYS-04,TAXONOMY_GAP:ROBUSTNESS_ALIGNMENT_CONTROL
RAI4-1705,Lack of monitoring,RAI3-G-SYS-09,TAXONOMY_GAP:TRANSPARENCY_EXPLAINABILITY
RAI4-1706,Undesirable behaviour (rational-agent),RAI3-A-SYS-04,TAXONOMY_GAP:ROBUSTNESS_ALIGNMENT_CONTROL
RAI4-1710,Harm to infrastructure,RAI3-G-SYS-08,OVERLOADED_L3_LOW_EVIDENCE_FIT
RAI4-1713,Bias and differential treatment,RAI3-G-INT-10,ANTHROPOMORPHISM_DIRECT_MECHANISM_NOT_ESTABLISHED
RAI4-1715,Violation of human and civil rights,RAI3-G-INT-10,ANTHROPOMORPHISM_DIRECT_MECHANISM_NOT_ESTABLISHED
RAI4-1716,Violation of democratic norms,RAI3-G-INT-10,ANTHROPOMORPHISM_DIRECT_MECHANISM_NOT_ESTABLISHED
RAI4-1719,Lack of security and resilience,RAI3-G-SYS-09,TAXONOMY_GAP:GENERAL_AI_SECURITY
RAI4-1720,Lack of accountability and transparency,RAI3-G-SYS-09,TAXONOMY_GAP:TRANSPARENCY_EXPLAINABILITY
RAI4-1721,Lack of explainability and interpretability,RAI3-G-INT-10,TAXONOMY_GAP:TRANSPARENCY_EXPLAINABILITY
RAI4-1723,Harmful bias and unfairness,RAI3-G-SYS-08,OVERLOADED_L3_LOW_EVIDENCE_FIT
RAI4-1724,Physical harm (death),RAI3-G-INT-10,ANTHROPOMORPHISM_DIRECT_MECHANISM_NOT_ESTABLISHED
